Type,Part Number,Brand,Model,Rank,Benchmark,Samples,URL,Price
HDD,WD101KRYZ,WD,Gold 10TB (2016),2,107,867,https://hdd.userbenchmark.com/SpeedTest/171115/WDC-WD101KRYZ-01JPDB0,690
HDD,WD8002FRYZ,WD,Gold 8TB (128MB Cache 2016),9,95.1,218,https://hdd.userbenchmark.com/SpeedTest/226349/WDC-WD8002FRYZ-01FF2B0,640
HDD,,WD,WD8000AARS-00Y5B1 800GB,437,43.7,954,https://hdd.userbenchmark.com/SpeedTest/3653/WDC-WD8000AARS-00Y5B1,490
HDD,WD6001FZWX,WD,Black 6TB (2015),10,95,3498,https://hdd.userbenchmark.com/WD-Black-6TB-2015/Rating/3519,470
HDD,,Hitachi,HDT721075SLA360 750GB,327,49,347,https://hdd.userbenchmark.com/SpeedTest/3764/Hitachi-HDT721075SLA360,430
HDD,WD121KRYZ,WD,Gold 12TB (2017),1,111,653,https://hdd.userbenchmark.com/SpeedTest/391336/WDC-WD121KRYZ-01,429
HDD,WD5001FZWX,WD,Black 5TB (2015),30,89.4,5557,https://hdd.userbenchmark.com/WD-Black-5TB-2015/Rating/3907,429
HDD,WD6002FFWX,WD,Red Pro 6TB (2015),4,99.5,817,https://hdd.userbenchmark.com/SpeedTest/139230/WDC-WD6002FFWX-68TZ4N0,428
HDD,,Hitachi,HDT721010SLA360 1TB,344,47.9,27184,https://hdd.userbenchmark.com/SpeedTest/1320/Hitachi-HDT721010SLA360,427
HDD,ST10000VX0004,Seagate,SkyHawk 10TB (2016),155,66.8,60,https://hdd.userbenchmark.com/SpeedTest/192288/ST10000VX0004-1ZE101,425
HDD,ST10000VN0004,Seagate,IronWolf 10TB (2016),111,74.2,168,https://hdd.userbenchmark.com/SpeedTest/161315/ST10000VN0004-1ZD101,407
HDD,WD4001FFSX,WD,Red Pro 4TB (2014),59,84,502,https://hdd.userbenchmark.com/WD-Red-Pro-4TB-2014/Rating/2664,399
HDD,WD8003FRYZ,WD,Gold 8TB (256MB Cache 2017),5,99.5,561,https://hdd.userbenchmark.com/SpeedTest/388081/WDC-WD8003FRYZ-01JPDB1,395
HDD,WD3001FFSX,WD,Red Pro 3TB (2014),47,86.1,456,https://hdd.userbenchmark.com/SpeedTest/27132/WDC-WD3001FFSX-68JNUN0,390
HDD,WD50EFRX,WD,Red 5TB (2014),105,75.8,857,https://hdd.userbenchmark.com/WD-Red-5TB-2014/Rating/3524,390
HDD,WD6002FRYZ,WD,Gold 6TB (2016) ,3,102,1518,https://hdd.userbenchmark.com/SpeedTest/167511/WDC-WD6002FRYZ-01WD5,389
HDD,WD100EFAX,WD,Red 10TB (2017),21,91.5,1411,https://hdd.userbenchmark.com/SpeedTest/324807/WDC-WD100EFAX-68LHPN0,389
HDD,WD80PURZ,WD,Purple Surveillance 8TB (2017),75,81.3,201,https://hdd.userbenchmark.com/SpeedTest/382445/WDC-WD80PURZ-85YNPY0,382
HDD,,Hitachi,HDS724040ALE640 4TB,122,71.4,4936,https://hdd.userbenchmark.com/SpeedTest/1070/HGST-HDS724040ALE640,348
HDD,ST10000DM0004,Seagate,Barracuda Pro 10TB (2016),128,70.8,199,https://hdd.userbenchmark.com/Seagate-Barracuda-Pro-10TB-2016/Rating/3901,347
HDD,ST6000DM004,Seagate,Barracuda Pro 6TB (2016),125,71,154,https://hdd.userbenchmark.com/Seagate-Barracuda-Pro-6TB-2016/Rating/3900,346
HDD,,Seagate,ST31000333AS 1TB,281,52.5,12047,https://hdd.userbenchmark.com/SpeedTest/1279/ST31000333AS,344
HDD,HUS724030ALE640,Hitachi,UltraStar 7K4000 3TB,116,72.6,59,https://hdd.userbenchmark.com/SpeedTest/14588/Hitachi-HUS724030ALE640,343
HDD,WD4001FAEX,WD,Black 4TB (2012),115,72.9,3311,https://hdd.userbenchmark.com/WD-Black-4TB-2012/Rating/1599,334
HDD,WD4003FZEX,WD,Black 4TB (2013),78,80.7,15606,https://hdd.userbenchmark.com/SpeedTest/3505/WDC-WD4003FZEX-00Z4SA0,325
HDD,WD6002FZWX,WD,Black 6TB (2016),6,99.3,5078,https://hdd.userbenchmark.com/WD-Black-6TB-2016/Rating/3927,316
HDD,ST4000VN000,Seagate,NAS HDD 4TB,93,78.3,2083,https://hdd.userbenchmark.com/Seagate-NAS-HDD-4TB/Rating/2669,316
HDD,ST6000DX000,Seagate,Desktop HDD 6TB (2014),24,90.8,1026,https://hdd.userbenchmark.com/SpeedTest/12188/ST6000DX000-1H217Z,313
HDD,WD80EFZX,WD,Red 8TB (2016),90,78.6,3097,https://hdd.userbenchmark.com/SpeedTest/124577/WDC-WD80EFZX-68UW8N0,300
HDD,ST5000DM000,Seagate,Barracuda Desktop 5TB,181,62.2,3086,https://hdd.userbenchmark.com/SpeedTest/17358/ST5000DM000-1FK178,300
HDD,WD3000FYYZ,WD,Re 3TB (2012),70,81.8,1515,https://hdd.userbenchmark.com/WD-Re-3TB-2012/Rating/2665,299
HDD,WD60EZRZ,WD,Blue 6TB (2015),103,76.4,6090,https://hdd.userbenchmark.com/WD-Blue-6TB-2015/Rating/3910,298
HDD,,Hitachi,HDS72105 500GB,236,56.3,701,https://hdd.userbenchmark.com/SpeedTest/7340/Hitachi-HDS72105,298
HDD,,Hitachi,HDS721050CLA 500GB,313,49.7,2094,https://hdd.userbenchmark.com/SpeedTest/1561/Hitachi-HDS721050CLA,298
HDD,HDP725050GLA360,Hitachi,Deskstar P7K500 500GB,473,42,37751,https://hdd.userbenchmark.com/SpeedTest/745/Hitachi-HDP725050GLA360,298
HDD,ST8000VN0022,Seagate,IronWolf 8TB (2016),192,59.8,420,https://hdd.userbenchmark.com/SpeedTest/210875/ST8000VN0022-2EL112,296
HDD,,Hitachi,HDS5C3015ALA632 1.5TB,323,49.2,424,https://hdd.userbenchmark.com/SpeedTest/5797/Hitachi-HDS5C3015ALA632,294
HDD,WD40EZRX,WD,Green 4TB (2013),165,65.5,28171,https://hdd.userbenchmark.com/WD-Green-4TB-2013/Rating/3516,290
HDD,WD3003FZEX,WD,Black 3TB (2013),77,81.1,12502,https://hdd.userbenchmark.com/SpeedTest/5002/WDC-WD3003FZEX-00Z4SA0,289
HDD,,Hitachi,HDS723020BLE640 2TB,94,78.1,2594,https://hdd.userbenchmark.com/SpeedTest/1260/Hitachi-HDS723020BLE640,289
HDD,WD2002FAEX,WD,Black 2TB (2010),159,66.4,38599,https://hdd.userbenchmark.com/WD-Black-2TB-2010/Rating/1414,289
HDD,ST12000VN0007,Seagate,IronWolf 12TB (2017),180,62.3,23,https://hdd.userbenchmark.com/SpeedTest/408715/ST12000VN0007-2GS116,286
HDD,WD80EFAX,WD,Red 8TB (2017),40,88.1,3590,https://hdd.userbenchmark.com/SpeedTest/314696/WDC-WD80EFAX-68LHPN0,280
HDD,ST8000AS0002,Seagate,Archive HDD 8TB (2015),196,59.7,1474,https://hdd.userbenchmark.com/SpeedTest/30791/ST8000AS0002-1NA17Z,278
HDD,WD60EZRX,WD,Green 6TB (2014),107,75.7,3284,https://hdd.userbenchmark.com/WD-Green-6TB-2014/Rating/3518,272
HDD,ST6000DM001,Seagate,Desktop HDD 6TB (2015),17,92,655,https://hdd.userbenchmark.com/SpeedTest/36984/ST6000DM001-1XY17Z,262
HDD,,Hitachi,HDS721075CLA332 750GB,231,56.7,2878,https://hdd.userbenchmark.com/SpeedTest/5587/Hitachi-HDS721075CLA332,257
HDD,WD4004FZWX,WD,Black 4TB (2016),16,92.4,7452,https://hdd.userbenchmark.com/WD-Black-4TB-2016/Rating/3908,249
HDD,,Seagate,ST33000651AS 3TB,149,67.5,3945,https://hdd.userbenchmark.com/SpeedTest/2159/ST33000651AS,249
HDD,WD5000HHTZ,WD,VelociRaptor 500GB,18,91.7,7050,https://hdd.userbenchmark.com/SpeedTest/1434/WDC-WD5000HHTZ-04N21V0,248
HDD,ST8000VX0022,Seagate,SkyHawk 8TB (2016),132,70.1,50,https://hdd.userbenchmark.com/SpeedTest/228255/ST8000VX-ST8000VX0022-2EJ,246
HDD,ST6000VX0023,Seagate,SkyHawk 6TB (2016),87,79.3,89,https://hdd.userbenchmark.com/SpeedTest/219872/ST6000VX0023-2EF110,242
HDD,,Toshiba,MK1002TSKB 1TB,182,62.2,762,https://hdd.userbenchmark.com/SpeedTest/6001/TOSHIBA-MK1002TSKB,237
HDD,0F23267,HGST,Ultrastar He8 Helium 8TB,23,91.4,738,https://hdd.userbenchmark.com/SpeedTest/29773/HGST-HUH728080ALE600,235
HDD,0F23668,HGST,Ultrastar He8 Helium 8TB,23,91.4,738,https://hdd.userbenchmark.com/SpeedTest/29773/HGST-HUH728080ALE600,235
HDD,,Hitachi,HDS5C3020ALA632 2TB,254,54.9,6458,https://hdd.userbenchmark.com/SpeedTest/693/Hitachi-HDS5C3020ALA632,232
HDD,WD1000DHTZ,WD,VelociRaptor 1TB,8,95.2,5488,https://hdd.userbenchmark.com/WD-VelociRaptor-1TB/Rating/1389,231
HDD,WD5000BHTZ,WD,VelociRaptor 2.5 500GB,13,93.3,354,https://hdd.userbenchmark.com/SpeedTest/11902/WDC-WD5000BHTZ-04JCPV1,231
HDD,,Seagate,ST500NM0011 500GB,153,67.2,1608,https://hdd.userbenchmark.com/SpeedTest/2942/ST500NM0011,219
HDD,0S03839,HGST,Deskstar NAS 6TB,7,96.7,824,https://hdd.userbenchmark.com/SpeedTest/22222/HGST-HDN726060ALE610,215
HDD,PH3600U-1I72,Toshiba,MD04ACA600 6TB,44,86.8,496,https://hdd.userbenchmark.com/SpeedTest/35546/TOSHIBA-MD04ACA600,215
HDD,,Seagate,ST31000520AS 1TB,325,49.1,8709,https://hdd.userbenchmark.com/SpeedTest/1280/ST31000520AS,215
HDD,WD50EZRX,WD,Green 5TB (2014),101,76.7,1375,https://hdd.userbenchmark.com/WD-Green-5TB-2014/Rating/3517,214
HDD,,Seagate,ST32000645NS 2TB,123,71.3,873,https://hdd.userbenchmark.com/SpeedTest/9954/Seagate-ST32000645NS,213
HDD,ST4000DX001,Seagate,Desktop SSHD 4TB,117,72.6,17410,https://hdd.userbenchmark.com/Seagate-Desktop-SSHD-4TB/Rating/2668,210
HDD,STCL4000400,Seagate,Desktop SSHD 4TB,117,72.6,17410,https://hdd.userbenchmark.com/Seagate-Desktop-SSHD-4TB/Rating/2668,210
HDD,WD40E31X,WD,Blue SSHD 4TB (2015),174,63.1,1658,https://hdd.userbenchmark.com/SpeedTest/35578/WDC-WD40E31X-00HY4A0,206
HDD,ST5000DM002,Seagate,Desktop HDD 5TB (2015),27,89.5,243,https://hdd.userbenchmark.com/SpeedTest/123827/ST5000DM002-1XY17X,201
HDD,ST1000VX000,Seagate,Video SV35.6 Series 1TB,37,88.4,14213,https://hdd.userbenchmark.com/SpeedTest/6250/ST1000VX-ST1000VX000-1CU1,200
HDD,WD60EFRX,WD,Red 6TB (2014),102,76.7,8834,https://hdd.userbenchmark.com/WD-Red-6TB-2014/Rating/2663,200
HDD,WD30EZRX,WD,Green 3TB (2011),169,64.7,87491,https://hdd.userbenchmark.com/WD-Green-3TB-2011/Rating/1415,200
HDD,WD20EARX,WD,Green 2TB (2011),301,50.7,169713,https://hdd.userbenchmark.com/WD-Green-2TB-2011/Rating/1850,200
HDD,,Hitachi,HTS541515A9E630 1.5TB,444,43.4,2025,https://hdd.userbenchmark.com/SpeedTest/9932/HGST-HTS541515A9E630,200
HDD,WD15EADS,WD,Green 1.5TB (2009),446,43.2,14558,https://hdd.userbenchmark.com/SpeedTest/2529/WDC-WD15EADS-22P8B0,200
HDD,0S03835,HGST,Deskstar NAS 5TB,50,85.6,544,https://hdd.userbenchmark.com/SpeedTest/36844/HGST-HDN726050ALE610,199
HDD,,Seagate,ST3250310NS 250GB,379,46.2,1127,https://hdd.userbenchmark.com/SpeedTest/1947/ST3250310NS,199
HDD,,Hitachi,HUA721010KLA330 1TB,535,38.7,9753,https://hdd.userbenchmark.com/SpeedTest/3043/Hitachi-HUA721010KLA330,199
HDD,ST2000LX001,Seagate,FireCuda 2.5 2TB,373,46.3,56757,https://hdd.userbenchmark.com/SpeedTest/192181/ST2000LX001-1RG174,195
HDD,ST3000NC002,Seagate,Constellation CS 3TB,32,89.3,584,https://hdd.userbenchmark.com/SpeedTest/5929/ST3000NC002-1DY166,193
HDD,ST2000NC001,Seagate,Constellation CS 2TB,46,86.2,516,https://hdd.userbenchmark.com/SpeedTest/10959/ST2000NC001-1DY164,193
HDD,,Hitachi,HUA723030ALA640 3TB,127,70.8,8595,https://hdd.userbenchmark.com/SpeedTest/5187/Hitachi-HUA723030ALA640,192
HDD,ST3000VX000,Seagate,Video SV35.6 Series 3TB,19,91.7,4159,https://hdd.userbenchmark.com/SpeedTest/4903/ST3000VX000-9YW166,190
HDD,,Hitachi,HDS5C3020BLE630 2TB,170,64.4,3463,https://hdd.userbenchmark.com/SpeedTest/7375/Hitachi-HDS5C3020BLE630,190
HDD,,Seagate,ST31000524NS 1TB,178,62.7,3110,https://hdd.userbenchmark.com/SpeedTest/9641/ST31000524NS,189
HDD,WD4000FYYZ,WD,Re 4TB (2012),88,79.3,3546,https://hdd.userbenchmark.com/SpeedTest/1815/WDC-WD4000FYYZ-01UL1B0,188
HDD,,Seagate,ST31000340NS 1TB,339,48.2,6356,https://hdd.userbenchmark.com/SpeedTest/1232/ST31000340NS,188
HDD,WD60PURZ,WD,Purple Surveillance 6TB (2017),79,80.1,1029,https://hdd.userbenchmark.com/SpeedTest/342114/WDC-WD60PURZ-85ZUFY1,185
HDD,,Seagate,ST32000542AS 2TB,346,47.7,18438,https://hdd.userbenchmark.com/SpeedTest/696/ST32000542AS,185
HDD,,Samsung,HD153WI 1.5TB,357,47.1,926,https://hdd.userbenchmark.com/SpeedTest/1489/SAMSUNG-HD153WI,183
HDD,,Seagate,ST3750630AS 750GB,397,45.3,1922,https://hdd.userbenchmark.com/SpeedTest/3071/ST3750630AS,181
HDD,WD2000FYYZ,WD,Re 2TB (2012),118,72.5,4787,https://hdd.userbenchmark.com/SpeedTest/1402/WDC-WD2000FYYZ-5,180
HDD,ST2000DX001,Seagate,Desktop SSHD 2TB,66,82.4,67767,https://hdd.userbenchmark.com/Seagate-Desktop-SSHD-2TB/Rating/1783,179
HDD,STCL2000400,Seagate,Desktop SSHD 2TB,66,82.4,67767,https://hdd.userbenchmark.com/Seagate-Desktop-SSHD-2TB/Rating/1783,179
HDD,HUS724020ALA640,Hitachi,UltraStar 7K4000 2TB,98,77.2,1895,https://hdd.userbenchmark.com/SpeedTest/10357/HGST-HUS724020ALA640,179
HDD,WD3001FAEX,WD,Black 3TB (2012),104,76.2,1110,https://hdd.userbenchmark.com/SpeedTest/8039/WDC-WD3001FAEX-00MJRA0,178
HDD,WD60EFAX,WD,Red 6TB (2019),82,79.7,227,https://hdd.userbenchmark.com/SpeedTest/748440/WDC-WD60EFAX-68SHWN0,175
HDD,,Seagate,ST33000650NS 3TB,120,71.8,2115,https://hdd.userbenchmark.com/SpeedTest/9344/ST33000650NS,173
HDD,HDWE160XZSTA,Toshiba,X300 6TB,48,86,4165,https://hdd.userbenchmark.com/Toshiba-X300-6TB/Rating/3594,171
HDD,HDWE160EZSTA,Toshiba,X300 6TB,48,86,4165,https://hdd.userbenchmark.com/Toshiba-X300-6TB/Rating/3594,171
HDD,,Hitachi,HDS723030BLE640 3TB,80,80,688,https://hdd.userbenchmark.com/SpeedTest/4601/Hitachi-HDS723030BLE640,168
HDD,WD3000HLFS,WD,VelociRaptor 300GB,242,56.2,9104,https://hdd.userbenchmark.com/SpeedTest/1307/WDC-WD3000HLFS-01G6U1,168
HDD,,Seagate,ST9750423AS 750GB,552,37.7,2675,https://hdd.userbenchmark.com/SpeedTest/935/ST9750423AS,168
HDD,,Seagate,ST1000LM002-9VQ14L 1TB,575,35.8,266,https://hdd.userbenchmark.com/SpeedTest/9979/ST1000LM002-9VQ14L,168
HDD,WD20EARS,WD,Green 2TB (2010),324,49.1,4888,https://hdd.userbenchmark.com/SpeedTest/2609/WDC-WD20EARS-00M,167
HDD,,Seagate,ST3500320NS 500GB,352,47.4,3663,https://hdd.userbenchmark.com/SpeedTest/507/ST3500320NS,167
HDD,HDWE150XZSTA,Toshiba,X300 5TB,38,88.4,10202,https://hdd.userbenchmark.com/Toshiba-X300-5TB/Rating/3593,165
HDD,HDWE150EZSTA,Toshiba,X300 5TB,38,88.4,10202,https://hdd.userbenchmark.com/Toshiba-X300-5TB/Rating/3593,165
HDD,,Seagate,ST3640623AS 640GB,283,52,730,https://hdd.userbenchmark.com/SpeedTest/5431/ST3640623AS,165
HDD,,Samsung,MZMPC064HBDR-000 1TB,387,45.8,10,https://hdd.userbenchmark.com/SpeedTest/1769/SAMSUNG-MZMPC064HBDR-000,165
HDD,,Seagate,ST3320620NS 320GB,604,34.7,841,https://hdd.userbenchmark.com/SpeedTest/5481/ST3320620NS,163
HDD,HDS721010CLA332,Hitachi,Deskstar 7K1000.C 1TB,204,58.6,77024,https://hdd.userbenchmark.com/SpeedTest/1129/Hitachi-HDS721010CLA332,162
HDD,,Hitachi,HDS72101 1TB,218,57.8,1287,https://hdd.userbenchmark.com/SpeedTest/3573/Hitachi-HDS72101,162
HDD,,Hitachi,HDS721010CLA 1TB,296,50.9,1223,https://hdd.userbenchmark.com/SpeedTest/1227/Hitachi-HDS721010CLA,162
HDD,,WD,WD3000GLFS-01F8U0 300GB,240,56.2,3806,https://hdd.userbenchmark.com/SpeedTest/1583/WDC-WD3000GLFS-01F8U0,161
HDD,WD4000F9YZ,WD,Se 4TB,76,81.2,1892,https://hdd.userbenchmark.com/WD-Se-4TB/Rating/1823,160
HDD,WD2003FYYS,WD,Re 2TB,140,68.2,9767,https://hdd.userbenchmark.com/SpeedTest/3985/WDC-WD2003FYYS-02W0B1,160
HDD,HD204UI,Samsung,Spinpoint F4 2TB,229,56.9,37559,https://hdd.userbenchmark.com/SpeedTest/324/SAMSUNG-HD204UI,160
HDD,,WD,WD6000BLHX-01V7BV0 600GB,145,67.8,239,https://hdd.userbenchmark.com/SpeedTest/6689/WDC-WD6000BLHX-01V7BV0,159
HDD,WD10SPCX,WD,Blue 2.5 1TB (2013),409,44.9,48634,https://hdd.userbenchmark.com/SpeedTest/3227/WDC-WD10SPCX-22HWST0,159
HDD,ST2000VX000,Seagate,Video SV35.6 Series 2TB,26,89.6,9117,https://hdd.userbenchmark.com/Seagate-Video-SV356-Series-2TB/Rating/1816,158
HDD,,Seagate,ST2000NM0011 2TB,124,71.1,2876,https://hdd.userbenchmark.com/SpeedTest/3761/ST2000NM0011,156
HDD,ST31000524AS,Seagate,Barracuda 7200.12 1TB,253,55.1,304318,https://hdd.userbenchmark.com/Seagate-Barracuda-720012-1TB/Rating/2022,156
HDD,,Seagate,ST31000524AS 1TB,273,53.2,287,https://hdd.userbenchmark.com/SpeedTest/12491/Seagate-ST31000524AS,156
HDD,,Seagate,ST310005 1TB,389,45.8,15,https://hdd.userbenchmark.com/SpeedTest/1342/ST310005,156
HDD,HUS156045VLS600,Hitachi,UltraStar 15K600 450GB,42,87.4,89,https://hdd.userbenchmark.com/SpeedTest/9674/HITACHI-HUS156045VLS600,154
HDD,,WD,WD25EZRS-00J99B0 2.5TB,302,50.7,773,https://hdd.userbenchmark.com/SpeedTest/9160/WDC-WD25EZRS-00J99B0,152
HDD,ST3000DM008,Seagate,Barracuda 3TB (2016),15,93,87595,https://hdd.userbenchmark.com/Seagate-Barracuda-3TB-2016/Rating/3898,150
HDD,WD2000F9YZ,WD,Se 2TB (2013),110,74.3,1436,https://hdd.userbenchmark.com/SpeedTest/11122/WDC-WD2000F9YZ-0,150
HDD,WD4002FYYZ,WD,Gold 4TB (2016),20,91.6,3218,https://hdd.userbenchmark.com/SpeedTest/147091/WDC-WD4002FYYZ-01B7CB0,147
HDD,WD40PURX,WD,Purple 4TB (2014),113,73,5547,https://hdd.userbenchmark.com/SpeedTest/13618/WDC-WD40PURX-64GVNY0,147
HDD,,Hitachi,HDS723020BLA642 2TB,164,65.7,22649,https://hdd.userbenchmark.com/SpeedTest/1339/Hitachi-HDS723020BLA642,143
HDD,WD1002FAEX,WD,Black 1TB (2010),225,57.3,227494,https://hdd.userbenchmark.com/WD-Black-1TB-2010/Rating/1580,143
HDD,WD2001FFSX,WD,Red Pro 2TB (2014),112,73.2,596,https://hdd.userbenchmark.com/SpeedTest/25063/WDC-WD2001FFSX-68JNU,142
HDD,ST3000DM001,Seagate,Barracuda 7200.14 3TB,29,89.5,178373,https://hdd.userbenchmark.com/Seagate-Barracuda-720014-3TB/Rating/1374,140
HDD,ST4000DM005,Seagate,Barracuda 4TB (2016),56,84.5,28439,https://hdd.userbenchmark.com/Seagate-Barracuda-4TB-2016/Rating/3899,140
HDD,ST9750420AS,Seagate,Momentus 2.5 750GB (2010),341,48.1,19986,https://hdd.userbenchmark.com/SpeedTest/922/ST9750420AS,140
HDD,ST1000DX002,Seagate,FireCuda SSHD 1TB (2016),73,81.4,50132,https://hdd.userbenchmark.com/Seagate-FireCuda-SSHD-1TB-2016/Rating/3902,137
HDD,,Seagate,ST3500630AS 500GB,594,35,22759,https://hdd.userbenchmark.com/SpeedTest/20/ST3500630AS,136
HDD,ST3000VX010,Seagate,SkyHawk 3TB (2016),54,84.7,1522,https://hdd.userbenchmark.com/SpeedTest/237204/ST3000VX010-2E3166,135
HDD,ST3000VN000,Seagate,NAS HDD 3TB,97,78,1834,https://hdd.userbenchmark.com/SpeedTest/3909/ST3000VN000-1H4167,135
HDD,,Toshiba,MK6461GSY 640GB,423,44.3,791,https://hdd.userbenchmark.com/SpeedTest/3150/TOSHIBA-MK6461GSY,134
HDD,ST4000DM000,Seagate,Desktop HDD 4TB (2013),100,76.9,54640,https://hdd.userbenchmark.com/Seagate-Desktop-HDD-4TB-2013/Rating/1598,130
HDD,,Hitachi,HDS5C3030BLE630 3TB,136,68.9,1044,https://hdd.userbenchmark.com/SpeedTest/8059/Hitachi-HDS5C3030BLE630,130
HDD,WD2500HHTZ,WD,VelociRaptor 250GB,33,89.1,1990,https://hdd.userbenchmark.com/SpeedTest/139/WDC-WD2500HHTZ-04N21V0,129
HDD,PH3500U-1I72,Toshiba,MD04ACA500 5TB,55,84.7,2484,https://hdd.userbenchmark.com/Toshiba-MD04ACA500-5TB/Rating/3526,129
HDD,,Hitachi,HDS721010DLE630 1TB,119,72.2,16524,https://hdd.userbenchmark.com/SpeedTest/744/Hitachi-HDS721010DLE630,129
HDD,0S03664,HGST,Deskstar NAS 4TB,126,70.9,5469,https://hdd.userbenchmark.com/HGST-Deskstar-NAS-4TB/Rating/1971,129
HDD,,WD,WD30EURX 3TB,173,63.1,1278,https://hdd.userbenchmark.com/SpeedTest/4058/WDC-WD30EURX-63T0FY0,129
HDD,,Hitachi,HDS721032CLA362 320GB,574,35.9,9388,https://hdd.userbenchmark.com/SpeedTest/3419/Hitachi-HDS721032CLA362,129
HDD,HTS721010A9E630,HGST,Travelstar 7K1000 2.5 1TB,189,60.4,516401,https://hdd.userbenchmark.com/SpeedTest/975/HGST-HTS721010A9E630,127
HDD,WD2503ABYX,WD,RE4 250GB (2010),203,58.7,1152,https://hdd.userbenchmark.com/SpeedTest/5792/WDC-WD2503ABYX-01WERA0,127
HDD,ST2000NM0033,Seagate,Constellation ES.3 2TB,49,85.9,3391,https://hdd.userbenchmark.com/SpeedTest/12036/ST2000NM0033-9ZM175,125
HDD,,Seagate,ST3500620AS 500GB,359,47.1,4745,https://hdd.userbenchmark.com/SpeedTest/3388/ST3500620AS,125
HDD,,WD,WD6400AARS-00Y5B1 640GB,376,46.2,2542,https://hdd.userbenchmark.com/SpeedTest/1604/WDC-WD6400AARS-00Y5B1,125
HDD,,Seagate,ST3500830AS 500GB,596,35,6551,https://hdd.userbenchmark.com/SpeedTest/3724/ST3500830AS,125
HDD,ST3300657SS,Seagate,Cheetah 15K.7 SAS 300GB,61,83.4,893,https://hdd.userbenchmark.com/SpeedTest/9679/SEAGATE-ST3300657SS,124
HDD,WD40EFRX,WD,Red 4TB (2013),95,78,40138,https://hdd.userbenchmark.com/WD-Red-4TB-2013/Rating/3525,123
HDD,,WD,WD2001FASS-00U0B0 2TB,160,66.3,4830,https://hdd.userbenchmark.com/SpeedTest/1611/WDC-WD2001FASS-00U0B0,121
HDD,WD2003FZEX,WD,Black 2TB (2013),36,88.5,108672,https://hdd.userbenchmark.com/WD-Black-2TB-2013/Rating/1821,120
HDD,PH3400U-1I72,Toshiba,MD04ACA400 4TB,57,84.4,8069,https://hdd.userbenchmark.com/Toshiba-MD04ACA400-4TB/Rating/3202,120
HDD,ST2000VN000,Seagate,NAS HDD 2TB,92,78.4,3034,https://hdd.userbenchmark.com/SpeedTest/9942/ST2000VN000-1H3164,120
HDD,,Hitachi,HUA722010CLA330 1TB,177,62.7,7478,https://hdd.userbenchmark.com/SpeedTest/1380/Hitachi-HUA722010CLA330,120
HDD,,Seagate,ST31000525SV 1TB,258,54.4,1866,https://hdd.userbenchmark.com/SpeedTest/9992/ST31000525SV,120
HDD,WD10EARS,WD,Green 1TB (2010),417,44.5,120320,https://hdd.userbenchmark.com/SpeedTest/1117/WDC-WD10EARS-00Y5B1,120
HDD,WD30EFRX,WD,Red 3TB (2012),137,68.9,56852,https://hdd.userbenchmark.com/WD-Red-3TB-2012/Rating/1386,119
HDD,WD30PURX,WD,Purple 3TB (2014),148,67.6,4845,https://hdd.userbenchmark.com/SpeedTest/15186/WDC-WD30PURX-64P,119
HDD,WD3200AAKS,WD,Blue 320GB (2008),403,45,48613,https://hdd.userbenchmark.com/SpeedTest/1186/WDC-WD3200AAKS-00B3A0,118
HDD,WD20EZRX,WD,Green 2TB (2012),168,64.7,143203,https://hdd.userbenchmark.com/WD-Green-2TB-2012/Rating/1781,117
HDD,WD5000BPKX,WD,Black 2.5 500GB (2013),321,49.3,3695,https://hdd.userbenchmark.com/SpeedTest/3355/WDC-WD5000BPKX-75HPJT0,117
HDD,,Toshiba,MK6461GSYN 640GB,343,48,571,https://hdd.userbenchmark.com/SpeedTest/2644/TOSHIBA-MK6461GSYN,116
HDD,,Hitachi,HDT721064SLA360 640GB,362,46.9,3012,https://hdd.userbenchmark.com/SpeedTest/6072/Hitachi-HDT721064SLA360,116
HDD,WD10J31X,WD,Blue SSHD 1TB (2015),468,42.1,767,https://hdd.userbenchmark.com/SpeedTest/31760/WDC-WD10J31X-00U3VT0,116
HDD,ST2000DX002,Seagate,FireCuda SSHD 2TB (2016),60,83.9,109158,https://hdd.userbenchmark.com/Seagate-FireCuda-SSHD-2TB-2016/Rating/3903,115
HDD,,WD,WD6402AAEX-00Z3A0 640GB,220,57.6,5544,https://hdd.userbenchmark.com/SpeedTest/1783/WDC-WD6402AAEX-00Z3A0,115
HDD,WD10EALS,WD,Blue 1TB (2010),248,55.5,9475,https://hdd.userbenchmark.com/WD-Blue-1TB-2010/Rating/1780,115
HDD,HDWE140XZSTA,Toshiba,X300 4TB,45,86.6,18849,https://hdd.userbenchmark.com/Toshiba-X300-4TB/Rating/3592,113
HDD,HDWE140EZSTA,Toshiba,X300 4TB,45,86.6,18849,https://hdd.userbenchmark.com/Toshiba-X300-4TB/Rating/3592,113
HDD,HDWA130XZSTA,Toshiba,E300 3TB,131,70.2,1031,https://hdd.userbenchmark.com/Toshiba-E300-3TB/Rating/3596,113
HDD,HDWA130EZSTA,Toshiba,E300 3TB,131,70.2,1031,https://hdd.userbenchmark.com/Toshiba-E300-3TB/Rating/3596,113
HDD,,Hitachi,HTS721010A9E6300 1TB,233,56.5,1365,https://hdd.userbenchmark.com/SpeedTest/11219/HGST-HTS721010A9E6300,113
HDD,,Seagate,ST3640323AS 640GB,289,51.6,2394,https://hdd.userbenchmark.com/SpeedTest/3064/ST3640323AS,112
HDD,HD103UJ,Samsung,Spinpoint F1 1TB,364,46.9,45450,https://hdd.userbenchmark.com/SpeedTest/413/SAMSUNG-HD103UJ,112
HDD,,WD,WD15EVDS-73V9B1 1.5TB,464,42.4,1727,https://hdd.userbenchmark.com/SpeedTest/6540/WDC-WD15EVDS-73V9B1,112
HDD,,Toshiba,MK6465GSX 640GB,591,35.1,3716,https://hdd.userbenchmark.com/SpeedTest/994/TOSHIBA-MK6465GSX,112
HDD,WD2005FBYZ,WD,Gold 2TB (2016),22,91.4,4165,https://hdd.userbenchmark.com/SpeedTest/206650/WDC-WD2005FBYZ-01YCBB1,110
HDD,ST1000LM014,Seagate,Laptop SSHD 2.5 (32GB NAND) 1TB,269,53.6,467,https://hdd.userbenchmark.com/Seagate-Laptop-SSHD-25--32GB-NAND-1TB/Rating/3600,110
HDD,ST500LX025,Seagate,FireCuda 2.5 500GB,454,42.9,1735,https://hdd.userbenchmark.com/SpeedTest/208729/ST500LX025-1U717D,109
HDD,,Hitachi,HTS547564A9E384 640GB,585,35.3,12419,https://hdd.userbenchmark.com/SpeedTest/953/Hitachi-HTS547564A9E384,109
HDD,,Hitachi,HDS723015BLA642 1.5TB,194,59.8,2585,https://hdd.userbenchmark.com/SpeedTest/1237/Hitachi-HDS723015BLA642,106
HDD,,Seagate,ST2000DL 004 HD204UI 2TB,222,57.5,156,https://hdd.userbenchmark.com/SpeedTest/7858/ST2000DL-004-HD204UI,106
HDD,,Samsung,HD155UI 1.5TB,261,54.1,956,https://hdd.userbenchmark.com/SpeedTest/6951/SAMSUNG-HD155UI,106
HDD,,,GB0250EAFYK 250GB,284,52,585,https://hdd.userbenchmark.com/SpeedTest/5794/GB0250EAFYK,106
HDD,ST1500DL003,Seagate,Barracuda Green 1.5TB,270,53.4,16837,https://hdd.userbenchmark.com/SpeedTest/2196/ST1500DL003-9VT16L,103
HDD,,Samsung,HD502HI 500GB,380,46.1,21423,https://hdd.userbenchmark.com/SpeedTest/1270/SAMSUNG-HD502HI,103
HDD,,Seagate,ST9320421ASG 320GB,588,35.2,303,https://hdd.userbenchmark.com/SpeedTest/10280/ST9320421ASG,103
HDD,HD103SJ,Samsung,Spinpoint F3 1TB,193,59.8,130031,https://hdd.userbenchmark.com/Samsung-Spinpoint-F3-1TB/Rating/1848,102
HDD,,Toshiba,MK7559GSXP 750GB,492,40.8,5157,https://hdd.userbenchmark.com/SpeedTest/3733/TOSHIBA-MK7559GSXP,102
HDD,WD40PURZ,WD,Purple Surveillance 4TB (2017),63,83.1,4910,https://hdd.userbenchmark.com/SpeedTest/433989/WDC-WD40PURZ-85T,101
HDD,MQ01ABD100H,Toshiba,Notebook SSHD 2.5 1TB,212,58,2548,https://hdd.userbenchmark.com/Toshiba-Notebook-SSHD-25--1TB/Rating/1957,101
HDD,WD1002F9YZ,WD,Se 1TB (2013),83,79.7,1667,https://hdd.userbenchmark.com/SpeedTest/11078/WDC-WD1002F9YZ-09H1JL0,100
HDD,,Samsung,HD103SM 1TB,175,63.1,786,https://hdd.userbenchmark.com/SpeedTest/3901/SAMSUNG-HD103SM,100
HDD,,Seagate,FA GoFlex Desk 2TB,316,49.6,73,https://hdd.userbenchmark.com/SpeedTest/9703/Seagate-FA-GoFlex-Desk,100
HDD,WD5000AADS,WD,Green 500GB (2009),476,41.5,54290,https://hdd.userbenchmark.com/SpeedTest/1125/WDC-WD5000AADS-00S9B0,100
HDD,ST2000DM001,Seagate,Barracuda 7200.14 2TB,28,89.5,692552,https://hdd.userbenchmark.com/Seagate-Barracuda-720014-2TB/Rating/1619,99
HDD,,Seagate,ST3750330NS 750GB,348,47.6,877,https://hdd.userbenchmark.com/SpeedTest/8704/ST3750330NS,99
HDD,,Seagate,ST3750330AS 750GB,358,47.1,3066,https://hdd.userbenchmark.com/SpeedTest/1776/ST3750330AS,99
HDD,WD10EADS,WD,Green 1TB (2009),422,44.4,86384,https://hdd.userbenchmark.com/SpeedTest/362/WDC-WD10EADS-00L5B1,98
HDD,WD7500AAKS,WD,Blue 750GB (2008),474,41.8,3220,https://hdd.userbenchmark.com/SpeedTest/2292/WDC-WD7500AAKS-00RBA0,98
HDD,,WD,WD30EZRS-00J99B0 3TB,234,56.3,2466,https://hdd.userbenchmark.com/SpeedTest/3380/WDC-WD30EZRS-00J99B0,97
HDD,,WD,WD1001FALS-00U9B0 1TB,257,54.5,3162,https://hdd.userbenchmark.com/SpeedTest/2730/WDC-WD1001FALS-00U9B0,97
HDD,,Seagate,ST32000641AS 2TB,202,59,11181,https://hdd.userbenchmark.com/SpeedTest/1130/ST32000641AS,95
HDD,ST31500341AS,Seagate,Barracuda 7200.11 1.5TB,243,56.1,36077,https://hdd.userbenchmark.com/SpeedTest/864/ST31500341AS,95
HDD,,Toshiba,MK3261GSY 320GB,361,47,468,https://hdd.userbenchmark.com/SpeedTest/694/TOSHIBA-MK3261GSY,95
HDD,WD20EADS,WD,Green 2TB (2009),370,46.4,9760,https://hdd.userbenchmark.com/SpeedTest/1732/WDC-WD20EADS-11R6B1,95
HDD,WD2500AAJS,WD,Blue 250GB (2007),525,39.4,34069,https://hdd.userbenchmark.com/SpeedTest/1491/WDC-WD2500AAJS-22L7A0,95
HDD,,WD,WD1501FASS-00U0B 1.5TB,172,63.4,1063,https://hdd.userbenchmark.com/SpeedTest/6711/WDC-WD1501FASS-00U0B,93
HDD,WD10EALX,WD,Blue 1TB (2010),226,57.3,45867,https://hdd.userbenchmark.com/WD-Blue-1TB-2010/Rating/2023,93
HDD,,Hitachi,HDS721050CLA362 500GB,244,55.9,37893,https://hdd.userbenchmark.com/SpeedTest/2062/Hitachi-HDS721050CLA362,93
HDD,ST4000VN008,Seagate,IronWolf 4TB (2016),11,94.5,12543,https://hdd.userbenchmark.com/Seagate-IronWolf-4TB-2016/Rating/3906,92
HDD,ST3000VN007,Seagate,IronWolf 3TB (2016),51,85.2,2815,https://hdd.userbenchmark.com/Seagate-IronWolf-3TB-2016/Rating/3905,92
HDD,,Hitachi,HDS5C3030ALA630 3TB,227,57,2122,https://hdd.userbenchmark.com/SpeedTest/3627/Hitachi-HDS5C3030ALA630,92
HDD,,WD,WD15EURS-63S48Y0 1.5TB,382,46,437,https://hdd.userbenchmark.com/SpeedTest/7870/WDC-WD15EURS-63S48Y0,92
HDD,WD7500LPCX,WD,Blue 2.5 750GB (2013),463,42.4,918,https://hdd.userbenchmark.com/SpeedTest/7349/WDC-WD7500LPCX-80HWST0,92
HDD,WD5000BPVT,WD,Blue 2.5 500GB (2010),582,35.4,27302,https://hdd.userbenchmark.com/SpeedTest/2839/WDC-WD5000BPVT-75HXZT3,92
HDD,WD05PURZ,WD,Purple Surveillance 500GB (2017),279,52.5,9,https://hdd.userbenchmark.com/SpeedTest/430589/WDC-WD05PURZ-85U8XY0,91
HDD,,Toshiba,MK5056GSY 500GB,489,41.1,2625,https://hdd.userbenchmark.com/SpeedTest/2645/TOSHIBA-MK5056GSY,91
HDD,WD40EZRZ,WD,Blue 4TB (2015),71,81.6,92103,https://hdd.userbenchmark.com/WD-Blue-4TB-2015/Rating/3523,90
HDD,,WD,WD20EURX 2TB,139,68.3,8177,https://hdd.userbenchmark.com/SpeedTest/6121/WDC-WD20EURX-64H,90
HDD,ST1000LM014,Seagate,Laptop SSHD 2.5 1TB,338,48.3,50318,https://hdd.userbenchmark.com/Seagate-Laptop-SSHD-25--1TB/Rating/1804,90
HDD,HD203WI,Samsung,Spinpoint F3 2TB,399,45.1,3239,https://hdd.userbenchmark.com/SpeedTest/640/SAMSUNG-HD203WI,90
HDD,,WD,WD10EVDS-63N5B1 1TB,460,42.6,2108,https://hdd.userbenchmark.com/SpeedTest/4828/WDC-WD10EVDS-63N5B1,90
HDD,,Hitachi,HDS721075KLA330 750GB,544,38.3,3488,https://hdd.userbenchmark.com/SpeedTest/1370/Hitachi-HDS721075KLA330,90
HDD,WD1005FBYZ,WD,Gold 1TB (2016),39,88.2,2398,https://hdd.userbenchmark.com/SpeedTest/204853/WDC-WD1005FBYZ-01YCBB1,89
HDD,WD30PURZ,WD,Purple Surveillance 3TB (2017),85,79.4,2052,https://hdd.userbenchmark.com/SpeedTest/329567/WDC-WD30PURZ-85GU6Y0,89
HDD,WD7500AZRX,WD,Green 750GB (2012),295,50.9,1126,https://hdd.userbenchmark.com/SpeedTest/1925/WDC-WD7500AZRX-00A8LB0,89
HDD,,Seagate,ST2000VM003-1CT164 2TB,84,79.4,13228,https://hdd.userbenchmark.com/SpeedTest/7562/ST2000VM003-1CT164,87
HDD,,Seagate,ST4000DM 000-1CD168 4TB,99,77,15,https://hdd.userbenchmark.com/SpeedTest/2310/ST4000DM-000-1CD168,87
HDD,WD20EFRX,WD,Red 2TB (2012),143,68.1,48368,https://hdd.userbenchmark.com/WD-Red-2TB-2012/Rating/1789,87
HDD,,Seagate,Expansion Desk 4TB,176,62.8,16641,https://hdd.userbenchmark.com/SpeedTest/7034/Seagate-Expansion-Desk,87
HDD,,Seagate,Backup+ Desk 4TB,187,61.1,1431,https://hdd.userbenchmark.com/SpeedTest/3619/Seagate-Backup--Desk,87
HDD,,WD,WD7502AAEX-00Y9A0 750GB,207,58.4,4079,https://hdd.userbenchmark.com/SpeedTest/1200/WDC-WD7502AAEX-00Y9A0,87
HDD,,Hitachi,HDS5C4040ALE630 4TB,208,58.3,1000,https://hdd.userbenchmark.com/SpeedTest/2257/Hitachi-HDS5C4040ALE630,87
HDD,,Seagate,ST3750330SV 750GB,374,46.3,134,https://hdd.userbenchmark.com/SpeedTest/10527/ST3750330SV,87
HDD,WD30EZRZ,WD,Blue 3TB (2015),114,72.9,53584,https://hdd.userbenchmark.com/WD-Blue-3TB-2015/Rating/3522,86
HDD,,Seagate,STM31000528AS 1TB,278,52.7,997,https://hdd.userbenchmark.com/SpeedTest/4190/STM31000528AS,86
HDD,WD10JFCX,WD,Red 2.5 1TB (2013),336,48.5,1679,https://hdd.userbenchmark.com/SpeedTest/2756/WDC-WD10JFCX-68N6GN0,86
HDD,,Seagate,ST3250820NS 250GB,598,34.9,234,https://hdd.userbenchmark.com/SpeedTest/11777/ST3250820NS,86
HDD,,Samsung,HM501II 500GB,603,34.7,920,https://hdd.userbenchmark.com/SpeedTest/8100/SAMSUNG-HM501II,86
HDD,,WD,WD45 00HLHX-01JJPV0 450GB,166,64.8,58,https://hdd.userbenchmark.com/SpeedTest/7176/WDC-WD45-00HLHX-01JJPV0,85
HDD,,WD,WD3000HLHX-01JJPV0 300GB,167,64.8,2664,https://hdd.userbenchmark.com/SpeedTest/3987/WDC-WD3000HLHX-01JJPV0,85
HDD,,Seagate,ST31500341AS 1.5TB,268,53.6,99,https://hdd.userbenchmark.com/SpeedTest/6611/Seagate-ST31500341AS,85
HDD,ST3250318AS,Seagate,Barracuda 7200.12 250GB,312,49.7,41573,https://hdd.userbenchmark.com/SpeedTest/169/ST3250318AS,85
HDD,MQ02ABD100H,Toshiba,Notebook SSHD 2.5 1TB,340,48.2,23902,https://hdd.userbenchmark.com/SpeedTest/24488/TOSHIBA-MQ02ABD100H,85
HDD,ST1000LX015,Seagate,FireCuda 2.5 1TB,386,45.9,102780,https://hdd.userbenchmark.com/SpeedTest/193028/ST1000LX015-1U7172,85
HDD,,Seagate,ST31500541AS 1.5TB,413,44.6,8101,https://hdd.userbenchmark.com/SpeedTest/667/ST31500541AS,85
HDD,,WD,WD20EURS-63S48Y0 2TB,251,55.2,8699,https://hdd.userbenchmark.com/SpeedTest/2441/WDC-WD20EURS-63S48Y0,84
HDD,,WD,WD2002FYPS-01U1B0 2TB,307,50.3,5145,https://hdd.userbenchmark.com/SpeedTest/3788/WDC-WD2002FYPS-01U1B0,84
HDD,,Hitachi,HDS5C1050CLA382 500GB,429,44.2,2455,https://hdd.userbenchmark.com/SpeedTest/4543/Hitachi-HDS5C1050CLA382,84
HDD,,Hitachi,HDT721025SLA380 250GB,555,37.5,1682,https://hdd.userbenchmark.com/SpeedTest/2907/Hitachi-HDT721025SLA380,84
HDD,,WD,WD4500HLHX-01JJPV0 450GB,152,67.2,752,https://hdd.userbenchmark.com/SpeedTest/8988/WDC-WD4500HLHX-01JJPV0,83
HDD,ST4000VX007,Seagate,SkyHawk 4TB (2016),35,88.6,4873,https://hdd.userbenchmark.com/SpeedTest/215593/ST4000VX007-2DT166,82
HDD,ST2000VX008,Seagate,SkyHawk 2TB (2016),68,82,5852,https://hdd.userbenchmark.com/SpeedTest/211060/ST2000VX008-2E3164,82
HDD,WD15EARX,WD,Green 1.5TB (2011),363,46.9,6426,https://hdd.userbenchmark.com/SpeedTest/4721/WDC-WD15EARX-22PASB0,82
HDD,PH3300U-1I72,Toshiba,MD04ACA300 3TB,86,79.3,129,https://hdd.userbenchmark.com/SpeedTest/31118/TOSHIBA-MD04ACA300,81
HDD,ST2000VN004,Seagate,IronWolf 2TB (2016),64,83,3511,https://hdd.userbenchmark.com/SpeedTest/245098/ST2000VN004-2E4164,80
HDD,,Samsung,HD322HJ 320GB,393,45.5,39328,https://hdd.userbenchmark.com/SpeedTest/1377/SAMSUNG-HD322HJ,80
HDD,WD5000BEKT,WD,Black 2.5 500GB (2010),406,44.9,4250,https://hdd.userbenchmark.com/SpeedTest/2241/WDC-WD5000BEKT-22KA9T0,80
HDD,WD5000LPVT,WD,Blue 2.5 500GB (2012),407,44.9,13435,https://hdd.userbenchmark.com/SpeedTest/241/WDC-WD5000LPVT-22G33T0,80
HDD,,Seagate,ST750LM000-1EJ16G 750GB,450,42.9,962,https://hdd.userbenchmark.com/SpeedTest/10621/ST750LM000-1EJ16G,80
HDD,WD20PURX,WD,Purple 2TB (2014),158,66.5,12847,https://hdd.userbenchmark.com/WD-Purple-2TB-2014/Rating/2662,79
HDD,ST2000DL003,Seagate,Barracuda Green 2TB,195,59.8,68058,https://hdd.userbenchmark.com/SpeedTest/979/ST2000DL003-9VT166,79
HDD,,Seagate,ST3500820AS 500GB,356,47.2,3790,https://hdd.userbenchmark.com/SpeedTest/3950/ST3500820AS,79
HDD,ST1000LM024,Seagate,Momentus 2.5 1TB,456,42.7,238506,https://hdd.userbenchmark.com/SpeedTest/130/ST1000LM024-HN-M101MBB,79
HDD,WD7501AALS,WD,Black 750GB (2008),299,50.8,9460,https://hdd.userbenchmark.com/SpeedTest/1987/WDC-WD7501AALS-00J7B0,78
HDD,HTS541010A9E680,HGST,Travelstar 5K1000 2.5 1TB,451,42.9,121755,https://hdd.userbenchmark.com/SpeedTest/72/HGST-HTS541010A9E680,78
HDD,,WD,WD30EURS-63SPKY0 3TB,179,62.4,2850,https://hdd.userbenchmark.com/SpeedTest/1387/WDC-WD30EURS-63SPKY0,77
HDD,,Hitachi,HTS725050A7E630 500GB,260,54.4,40957,https://hdd.userbenchmark.com/SpeedTest/386/HGST-HTS725050A7E630,77
HDD,,Seagate,ST9320421AS 320GB,560,36.9,879,https://hdd.userbenchmark.com/SpeedTest/6523/ST9320421AS,77
HDD,,Hitachi,HDP725050GLAT80 500GB,572,36.2,140,https://hdd.userbenchmark.com/SpeedTest/2621/Hitachi-HDP725050GLAT80,77
HDD,,Toshiba,MK3256GSY 320GB,589,35.2,1418,https://hdd.userbenchmark.com/SpeedTest/5782/TOSHIBA-MK3256GSY,77
HDD,WD5003AZEX,WD,Black 500GB (2012),74,81.4,17878,https://hdd.userbenchmark.com/SpeedTest/2070/WDC-WD5003AZEX-00K1GA0,76
HDD,ST8000DM004,Seagate,Barracuda 8TB (2017),129,70.7,16501,https://hdd.userbenchmark.com/SpeedTest/323996/ST8000DM004-2CX188,76
HDD,ST4000DM004,Seagate,Barracuda 4TB (2017),130,70.6,110366,https://hdd.userbenchmark.com/SpeedTest/243570/ST4000DM004-2CV104,76
HDD,ST3000DM007,Seagate,Barracuda 3TB (2017),141,68.2,18226,https://hdd.userbenchmark.com/SpeedTest/337813/ST3000DM007-1WY10G,76
HDD,WD1003FZEX,WD,Black 1TB (2013),58,84.1,182137,https://hdd.userbenchmark.com/WD-Black-1TB-2013/Rating/1822,75
HDD,,Samsung,HE103UJ 1TB,309,50.1,797,https://hdd.userbenchmark.com/SpeedTest/5305/SAMSUNG-HE103UJ,75
HDD,ST9500420AS,Seagate,Momentus 2.5 500GB,453,42.9,39665,https://hdd.userbenchmark.com/SpeedTest/785/ST9500420AS,75
HDD,WD2500BEKT,WD,Black 2.5 250GB (2010),537,38.6,7416,https://hdd.userbenchmark.com/SpeedTest/4008/WDC-WD2500BEKT-00PVM,75
HDD,,WD,WD1001FAES-60Z2A0 1TB,230,56.9,7867,https://hdd.userbenchmark.com/SpeedTest/3129/WDC-WD1001FAES-60Z2A0,74
HDD,WD1001X06X,WD,Black2 2.5 1.120 TB (2013),342,48.1,1506,https://hdd.userbenchmark.com/SpeedTest/5448/WDC-WD1001X06X-00SJVT0,74
HDD,,Samsung,HD322GJ 320GB,190,60.3,7926,https://hdd.userbenchmark.com/SpeedTest/3922/SAMSUNG-HD322GJ,73
HDD,,Seagate,ST9750422AS 750GB,294,50.9,724,https://hdd.userbenchmark.com/SpeedTest/6425/ST9750422AS,73
HDD,HDWD130XZSTA,Toshiba,P300 3TB,43,86.9,58081,https://hdd.userbenchmark.com/Toshiba-P300-3TB/Rating/3591,72
HDD,HDWD130EZSTA,Toshiba,P300 3TB,43,86.9,58081,https://hdd.userbenchmark.com/Toshiba-P300-3TB/Rating/3591,72
HDD,HDWD130UZSVA,Toshiba,P300 3TB,43,86.9,58081,https://hdd.userbenchmark.com/Toshiba-P300-3TB/Rating/3591,72
HDD,ST750LX003,Seagate,Momentus XT 7200 RPM 2.5 750GB,310,50.1,8228,https://hdd.userbenchmark.com/SpeedTest/840/ST750LX003-1AC154,71
HDD,ST1000VX005,Seagate,SkyHawk 1TB (2016),81,80,5372,https://hdd.userbenchmark.com/SpeedTest/225246/ST1000VX005-2EZ102,70
HDD,HDWA120XZSTA,Toshiba,E300 2TB,142,68.1,1589,https://hdd.userbenchmark.com/Toshiba-E300-2TB/Rating/3595,70
HDD,HDWA120EZSTA,Toshiba,E300 2TB,142,68.1,1589,https://hdd.userbenchmark.com/Toshiba-E300-2TB/Rating/3595,70
HDD,,Hitachi,HUA723020ALA640 2TB,151,67.2,6104,https://hdd.userbenchmark.com/SpeedTest/8994/Hitachi-HUA723020ALA640,70
HDD,WD10JPVT,WD,Blue 2.5 1TB (2011),349,47.5,14746,https://hdd.userbenchmark.com/SpeedTest/1109/WDC-WD10JPVT-75,70
HDD,WD25EZRX,WD,Green 2.5TB (2011),262,54,1079,https://hdd.userbenchmark.com/SpeedTest/3574/WDC-WD25EZRX-00MMMB0,69
HDD,WD7500BPKT,WD,Black 2.5 750GB (2011),263,54,16466,https://hdd.userbenchmark.com/SpeedTest/310/WDC-WD7500BPKT-60PK4T0,69
HDD,WD5000BPKT,WD,Black 2.5 500GB (2011),331,48.8,10618,https://hdd.userbenchmark.com/SpeedTest/2036/WDC-WD5000BPKT-60PK4T0,69
HDD,,Seagate,ST31000340AS 1TB,365,46.8,6217,https://hdd.userbenchmark.com/SpeedTest/206/ST31000340AS,69
HDD,,Samsung,HD103SI 1TB,368,46.5,36227,https://hdd.userbenchmark.com/SpeedTest/1110/SAMSUNG-HD103SI,69
HDD,WD3200AAKX,WD,Blue 320GB (2010),369,46.4,12504,https://hdd.userbenchmark.com/SpeedTest/2995/WDC-WD3200AAKX-001CA0,69
HDD,,Hitachi,HTS725050A9A364 500GB,457,42.7,6964,https://hdd.userbenchmark.com/SpeedTest/1690/Hitachi-HTS725050A9A364,69
HDD,,Hitachi,HTS725032A7E630 320GB,465,42.3,8193,https://hdd.userbenchmark.com/SpeedTest/5008/HGST-HTS725032A7E630,69
HDD,,Hitachi,HTS545050A7E380 500GB,488,41.1,55479,https://hdd.userbenchmark.com/SpeedTest/664/Hitachi-HTS545050A7E380,69
HDD,,WD,WD10EACS-00ZJB0 1TB,493,40.8,17167,https://hdd.userbenchmark.com/SpeedTest/1758/WDC-WD10EACS-00ZJB0,69
HDD,,WD,WD5000ABYS-01TNA0 500GB,545,38.3,1110,https://hdd.userbenchmark.com/SpeedTest/5181/WDC-WD5000ABYS-01TNA0,69
HDD,,Maxtor,STM3500630AS 500GB,569,36.4,3071,https://hdd.userbenchmark.com/SpeedTest/1780/MAXTOR-STM3500630AS,69
HDD,,Toshiba,DT01ACA200 2TB,41,87.8,242060,https://hdd.userbenchmark.com/Toshiba-DT01ACA200-2TB/Rating/2736,68
HDD,,Toshiba,DT01ACA300 3TB,52,84.9,70925,https://hdd.userbenchmark.com/Toshiba-DT01ACA300-3TB/Rating/2735,68
HDD,WD7500BPKX,WD,Black 2.5 750GB (2013),272,53.2,15664,https://hdd.userbenchmark.com/SpeedTest/1740/WDC-WD7500BPKX-80HPJ,68
HDD,,Hitachi,HTS725025A9A364 250GB,482,41.3,2211,https://hdd.userbenchmark.com/SpeedTest/6783/Hitachi-HTS725025A9A364,68
HDD,,Seagate,ST3360320AS 360GB,578,35.6,5175,https://hdd.userbenchmark.com/SpeedTest/1850/ST3360320AS,68
HDD,,Hitachi,HUA723020ALA641 2TB,150,67.3,19209,https://hdd.userbenchmark.com/SpeedTest/11019/Hitachi-HUA723020ALA641,67
HDD,ST320DM000,Seagate,Barracuda 7200.14 320GB,330,48.8,2830,https://hdd.userbenchmark.com/SpeedTest/2924/ST320DM000-1BD14C,67
HDD,,Toshiba,MK1059GSMP 1TB,584,35.3,1772,https://hdd.userbenchmark.com/SpeedTest/604/TOSHIBA-MK1059GSMP,67
HDD,ST1000NM0033,Seagate,Constellation ES.3 1TB,65,82.8,7133,https://hdd.userbenchmark.com/SpeedTest/7297/ST1000NM0033-9ZM173,66
HDD,WD20PURZ,WD,Purple Surveillance 2TB (2017),121,71.6,8111,https://hdd.userbenchmark.com/SpeedTest/306805/WDC-WD20PURZ-85GU6Y0,66
HDD,,Hitachi,HDT721032SLA 320GB,495,40.7,566,https://hdd.userbenchmark.com/SpeedTest/6947/Hitachi-HDT721032SLA,66
HDD,WD1503FYYS,WD,Re 1.5TB ,144,67.8,127,https://hdd.userbenchmark.com/SpeedTest/14718/WDC-WD1503FYYS-01T8B0,65
HDD,WD1003FBYZ,WD,Re 1TB (2013),184,61.5,2462,https://hdd.userbenchmark.com/SpeedTest/8573/WDC-WD1003FBYZ-010FB0,65
HDD,WD5003ABYX,WD,RE4 500GB (2010),186,61.1,9082,https://hdd.userbenchmark.com/SpeedTest/5856/WDC-WD5003ABYX-01WERA1,65
HDD,,Seagate,ST3320813AS 320GB,315,49.6,3294,https://hdd.userbenchmark.com/SpeedTest/5403/ST3320813AS,65
HDD,,Toshiba,DT01ABA300 3TB,134,69.5,4725,https://hdd.userbenchmark.com/SpeedTest/8588/TOSHIBA-DT01ABA300,64
HDD,ST2000VX002,Seagate,Surveillance 2TB,221,57.5,595,https://hdd.userbenchmark.com/SpeedTest/11181/ST2000VX002-1AH166,64
HDD,,Seagate,ST3160813AS 160GB,400,45.1,3806,https://hdd.userbenchmark.com/SpeedTest/2850/ST3160813AS,64
HDD,WD10JPVX,WD,Blue 2.5 1TB (2004),415,44.5,189832,https://hdd.userbenchmark.com/SpeedTest/3140/WDC-WD10JPVX-22JC3T0,64
HDD,,Toshiba,MK5061GSYN 500GB,480,41.4,5366,https://hdd.userbenchmark.com/SpeedTest/2032/TOSHIBA-MK5061GSYN,64
HDD,ST2000DM006,Seagate,Barracuda 2TB (2016),14,93.3,450456,https://hdd.userbenchmark.com/Seagate-Barracuda-2TB-2016/Rating/3897,63
HDD,ST1000DM003,Seagate,Barracuda 7200.14 1TB,34,89,1265173,https://hdd.userbenchmark.com/Seagate-Barracuda-720014-1TB/Rating/1849,63
HDD,WD1502FAEX,WD,Black 1.5TB (2010),163,65.8,5819,https://hdd.userbenchmark.com/SpeedTest/3664/WDC-WD1502FAEX-007BA0,63
HDD,WD5000AAKS,WD,Blue 500GB (2008),328,48.9,172297,https://hdd.userbenchmark.com/SpeedTest/1305/WDC-WD5000AAKS-00YGA0,63
HDD,,Seagate,ST3250312CS 250GB,401,45.1,2105,https://hdd.userbenchmark.com/SpeedTest/3255/ST3250312CS,62
HDD,WD5000LPVX,WD,Blue 2.5 500GB,459,42.6,62907,https://hdd.userbenchmark.com/SpeedTest/1040/WDC-WD5000LPVX-22V0TT0,62
HDD,,Seagate,ST1000VM002-1CT162 1TB,106,75.7,27571,https://hdd.userbenchmark.com/SpeedTest/11140/ST1000VM002-1CT162,61
HDD,,WD,WD10EURX 1TB,154,67,36951,https://hdd.userbenchmark.com/SpeedTest/1122/WDC-WD10EURX-73C57Y0,60
HDD,WD10EZRX,WD,Green 1TB (2011),171,64.4,115695,https://hdd.userbenchmark.com/SpeedTest/1216/WDC-WD10EZRX-00A8LB0,60
HDD,WD5000AZRX,WD,Green 500GB (2012),219,57.6,27404,https://hdd.userbenchmark.com/SpeedTest/2487/WDC-WD5000AZRX-00A8LB0,60
HDD,,Toshiba,MQ01ACF032 320GB,290,51.2,4947,https://hdd.userbenchmark.com/SpeedTest/4030/TOSHIBA-MQ01ACF032,60
HDD,WD15EARS,WD,Green 1.5TB (2010),421,44.4,28764,https://hdd.userbenchmark.com/SpeedTest/1144/WDC-WD15EARS-00MVWB0,60
HDD,,,OCZ-AGILITY3 120GB,435,43.8,99,https://hdd.userbenchmark.com/SpeedTest/2512/OCZ-AGILITY3,60
HDD,,Seagate,ST3250410AS 250GB,441,43.5,20477,https://hdd.userbenchmark.com/SpeedTest/456/ST3250410AS,60
HDD,WD5000BPVX,WD,Blue 2.5 500GB,485,41.2,929,https://hdd.userbenchmark.com/SpeedTest/14364/WDC-WD5000BPVX-00JC3T0,60
HDD,WD10EARX,WD,Green 1TB (2011),287,51.7,35361,https://hdd.userbenchmark.com/SpeedTest/2607/WDC-WD10EARX-00N0YB0,59
HDD,,Samsung,HM320HJ 320GB,378,46.2,722,https://hdd.userbenchmark.com/SpeedTest/2116/SAMSUNG-HM320HJ,59
HDD,WD7500BPVX,WD,Blue 2.5 750GB,408,44.9,11897,https://hdd.userbenchmark.com/SpeedTest/3028/WDC-WD7500BPVX-75JC3T0,59
HDD,,Toshiba,MQ01ABD075 750GB,442,43.5,39092,https://hdd.userbenchmark.com/SpeedTest/869/TOSHIBA-MQ01ABD075,59
HDD,WD10PURX,WD,Purple 1TB (2014),156,66.6,14709,https://hdd.userbenchmark.com/SpeedTest/14824/WDC-WD10PURX-64D85Y0,58
HDD,WD10EFRX,WD,Red 1TB (2012),157,66.5,28677,https://hdd.userbenchmark.com/SpeedTest/2832/WDC-WD10EFRX-68JCSN0,58
HDD,,WD,WD6000HLHX-01JJPV0 600GB,162,66,5453,https://hdd.userbenchmark.com/SpeedTest/1823/WDC-WD6000HLHX-01JJPV0,58
HDD,,WD,WD1001FALS-41Y6A1 1TB,215,57.8,866,https://hdd.userbenchmark.com/SpeedTest/4052/WDC-WD1001FALS-41Y6A1,58
HDD,,Samsung,HN-M101MBB 1TB,449,43,3094,https://hdd.userbenchmark.com/SpeedTest/2830/SAMSUNG-HN-M101MBB,58
HDD,,Samsung,HM641JI 640GB,567,36.5,8398,https://hdd.userbenchmark.com/SpeedTest/2867/SAMSUNG-HM641JI,58
HDD,HDWD120XZSTA,Toshiba,P300 2TB,25,90.4,72993,https://hdd.userbenchmark.com/Toshiba-P300-2TB/Rating/3590,57
HDD,HDWD120EZSTA,Toshiba,P300 2TB,25,90.4,72993,https://hdd.userbenchmark.com/Toshiba-P300-2TB/Rating/3590,57
HDD,HDWD120UZSVA,Toshiba,P300 2TB,25,90.4,72993,https://hdd.userbenchmark.com/Toshiba-P300-2TB/Rating/3590,57
HDD,,WD,WD7502ABYS-02A6B0 750GB,282,52.2,922,https://hdd.userbenchmark.com/SpeedTest/9643/WDC-WD7502ABYS-02A6B0,57
HDD,,Hitachi,HDS721010CLA632 1TB,209,58.3,11369,https://hdd.userbenchmark.com/SpeedTest/2755/Hitachi-HDS721010CLA632,56
HDD,,Hitachi,HDT721050SLA360 500GB,351,47.4,1951,https://hdd.userbenchmark.com/SpeedTest/4865/Hitachi-HDT721050SLA360,56
HDD,,Toshiba,MQ02ABF100 1TB,353,47.3,5702,https://hdd.userbenchmark.com/SpeedTest/11528/TOSHIBA-MQ02ABF100,56
HDD,,Toshiba,MQ01ABD100 1TB,377,46.2,270410,https://hdd.userbenchmark.com/SpeedTest/784/TOSHIBA-MQ01ABD100,56
HDD,ST500LX003,Seagate,Momentus XT 7200 RPM 2.5 500GB,411,44.7,1261,https://hdd.userbenchmark.com/SpeedTest/7156/ST500LX003-1AC15G,56
HDD,WD3200BEKT,WD,Black 2.5 320GB (2010),484,41.2,19581,https://hdd.userbenchmark.com/SpeedTest/35/WDC-WD3200BEKT-60V5T1,56
HDD,,Seagate,ST9320423AS 320GB,563,36.8,10447,https://hdd.userbenchmark.com/SpeedTest/131/ST9320423AS,56
HDD,ST2000DM008,Seagate,Barracuda 2TB (2018),31,89.4,345159,https://hdd.userbenchmark.com/SpeedTest/466743/ST2000DM008-2FR102,55
HDD,WD2500AAKX,WD,Blue 250GB (2010),298,50.9,45114,https://hdd.userbenchmark.com/SpeedTest/53/WDC-WD2500AAKX-753CA1,55
HDD,HTS727575A9E364,HGST,Travelstar 7K750 2.5 750GB,304,50.6,13971,https://hdd.userbenchmark.com/SpeedTest/104/Hitachi-HTS727575A9E364,55
HDD,ST95005620AS,Seagate,Momentus XT SSHD 2.5 500GB,381,46.1,10482,https://hdd.userbenchmark.com/Seagate-Momentus-XT-SSHD-25--500GB/Rating/1800,55
HDD,,Samsung,HD252HJ 250GB,445,43.2,5727,https://hdd.userbenchmark.com/SpeedTest/2959/SAMSUNG-HD252HJ,55
HDD,,Toshiba,MQ01ABD064 640GB,481,41.4,457,https://hdd.userbenchmark.com/SpeedTest/8271/TOSHIBA-MQ01ABD064,55
HDD,,Toshiba,DT01ACA100 1TB,72,81.5,658547,https://hdd.userbenchmark.com/Toshiba-DT01ACA100-1TB/Rating/2737,54
HDD,WD20EZRZ,WD,Blue 2TB (2015),161,66.1,188190,https://hdd.userbenchmark.com/WD-Blue-2TB-2015/Rating/3521,54
HDD,,Hitachi,HDS721010CLA330 1TB,191,59.8,7180,https://hdd.userbenchmark.com/SpeedTest/2095/Hitachi-HDS721010CLA330,54
HDD,,Seagate,ST1000LM010-9YH146 1TB,565,36.6,2169,https://hdd.userbenchmark.com/SpeedTest/4168/ST1000LM010-9YH146,54
HDD,WD1600BPVT,WD,Blue 2.5 160GB (2010),601,34.8,256,https://hdd.userbenchmark.com/SpeedTest/4951/WDC-WD1600BPVT-22ZEST0,54
HDD,,Hitachi,HCS5C2020ALA632 2TB,188,61,1677,https://hdd.userbenchmark.com/SpeedTest/1904/Hitachi-HCS5C2020ALA632,53
HDD,ST2000DL001,Seagate,Barracuda Green 2TB,201,59,6042,https://hdd.userbenchmark.com/SpeedTest/447/ST2000DL001-9VT156,53
HDD,,Seagate,ST2000LM003 HN-M201RAD 2TB,276,52.9,43709,https://hdd.userbenchmark.com/SpeedTest/12558/ST2000LM003-HN-M201RAD,53
HDD,ST3750525AS,Seagate,Barracuda 7200.12 750GB,293,51,2775,https://hdd.userbenchmark.com/SpeedTest/562/ST3750525AS,53
HDD,,Toshiba,MQ01ABF050 500GB,420,44.4,96608,https://hdd.userbenchmark.com/SpeedTest/2789/TOSHIBA-MQ01ABF050,53
HDD,ST1000VN002,Seagate,IronWolf 1TB (2016),91,78.6,1514,https://hdd.userbenchmark.com/Seagate-IronWolf-1TB-2016/Rating/3904,52
HDD,,Seagate,ST31000322CS 1TB,345,47.7,2175,https://hdd.userbenchmark.com/SpeedTest/6933/ST31000322CS,52
HDD,ST3500320AS,Seagate,Barracuda 7200.11 500GB,375,46.2,23592,https://hdd.userbenchmark.com/SpeedTest/137/ST3500320AS,52
HDD,,Maxtor,STM3500320AS 500GB,388,45.8,4141,https://hdd.userbenchmark.com/SpeedTest/2192/MAXTOR-STM3500320AS,52
HDD,HD154UI,Samsung,Spinpoint F2 1TB,390,45.7,26939,https://hdd.userbenchmark.com/SpeedTest/1306/SAMSUNG-HD154UI,52
HDD,,Toshiba,MQ01ABD0 500GB,426,44.3,396,https://hdd.userbenchmark.com/SpeedTest/11593/TOSHIBA-MQ01ABD0,52
HDD,,Hitachi,HTS545050A7E3800 500GB,490,41,553,https://hdd.userbenchmark.com/SpeedTest/6179/HGST-HTS545050A7E3800,52
HDD,HTS541075A9E680,HGST,Travelstar 5K1000 2.5 750GB,494,40.8,20896,https://hdd.userbenchmark.com/SpeedTest/4988/HGST-HTS541075A9E680,52
HDD,,Seagate,ST3750640AS 750GB,602,34.8,6202,https://hdd.userbenchmark.com/SpeedTest/1206/ST3750640AS,52
HDD,HTS727550A9E364,HGST,Travelstar 7K750 2.5 500GB,452,42.9,8687,https://hdd.userbenchmark.com/SpeedTest/789/Hitachi-HTS727550A9E364,51
HDD,,Toshiba,MQ01ABF032 320GB,471,42,5154,https://hdd.userbenchmark.com/SpeedTest/5425/TOSHIBA-MQ01ABF032,51
HDD,,Hitachi,HTS545050A7E680 500GB,491,40.8,50101,https://hdd.userbenchmark.com/SpeedTest/2870/HGST-HTS545050A7E680,51
HDD,HDP725032GLA360,Hitachi,Deskstar P7K500 320GB,570,36.4,5144,https://hdd.userbenchmark.com/SpeedTest/3494/Hitachi-HDP725032GLA360,51
HDD,,WD,WD1600BJKT-75F4T0 160GB,590,35.2,811,https://hdd.userbenchmark.com/SpeedTest/5905/WDC-WD1600BJKT-75F4T0,51
HDD,WD1003FBYX,WD,RE4 1TB (2010),185,61.1,16639,https://hdd.userbenchmark.com/SpeedTest/4565/WDC-WD1003FBYX-01Y7B0,50
HDD,,,WL1000GSA6472R 1TB,285,51.9,21,https://hdd.userbenchmark.com/SpeedTest/7128/WL1000GSA6472R,50
HDD,,Apple,HDD HTS545050A7E362 500GB,355,47.2,3066,https://hdd.userbenchmark.com/SpeedTest/7208/APPLE-HDD-HTS545050A7E362,50
HDD,,Seagate,STM3320418AS 320GB,392,45.6,689,https://hdd.userbenchmark.com/SpeedTest/5696/STM3320418AS,50
HDD,,Seagate,FreeAgent XTreme 1TB,394,45.5,51,https://hdd.userbenchmark.com/SpeedTest/2882/Seagate-FreeAgent-XTreme,50
HDD,,Seagate,ST500LX012-SSHD-8GB 500GB,455,42.9,919,https://hdd.userbenchmark.com/SpeedTest/12260/ST500LX012-SSHD-8GB,50
HDD,,Excelstor,Technology J9250S 250GB,532,38.9,1719,https://hdd.userbenchmark.com/SpeedTest/5045/ExcelStor-Technology-J9250S,50
HDD,,Samsung,HN-M750MBB 750GB,554,37.5,936,https://hdd.userbenchmark.com/SpeedTest/121/SAMSUNG-HN-M750MBB,50
HDD,,Seagate,ST1500DM003-9YN16G 1.5TB,89,79,4882,https://hdd.userbenchmark.com/SpeedTest/2739/ST1500DM003-9YN16G,49
HDD,,Hitachi,HDS72302 2TB,146,67.6,412,https://hdd.userbenchmark.com/SpeedTest/1223/Hitachi-HDS72302,49
HDD,ST500DM002,Seagate,Barracuda 7200.14 500GB,210,58.3,430270,https://hdd.userbenchmark.com/SpeedTest/712/ST500DM002-1BD142,49
HDD,,Hitachi,HDS5C1010CLA382 1TB,319,49.4,2178,https://hdd.userbenchmark.com/SpeedTest/1569/Hitachi-HDS5C1010CLA382,49
HDD,,WD,WD10EADX-00TDHB0 1TB,448,43.1,9616,https://hdd.userbenchmark.com/SpeedTest/1049/WDC-WD10EADX-00TDHB0,49
HDD,,Hitachi,HTS725032A9A360 320GB,479,41.4,569,https://hdd.userbenchmark.com/SpeedTest/5927/Hitachi-HTS725032A9A360,49
HDD,,WD,WD5001ABYS-01YNA0 500GB,579,35.6,915,https://hdd.userbenchmark.com/SpeedTest/5765/WDC-WD5001ABYS-01YNA0,49
HDD,,WD,WD5000AAVS-00ZTB0 500GB,580,35.6,12883,https://hdd.userbenchmark.com/SpeedTest/947/WDC-WD5000AAVS-00ZTB0,49
HDD,HDWD105XZSTA,Toshiba,HDWD105 500GB,96,78,7841,https://hdd.userbenchmark.com/SpeedTest/67919/TOSHIBA-HDWD105,48
HDD,HDWD105EZSTA,Toshiba,HDWD105 500GB,96,78,7841,https://hdd.userbenchmark.com/SpeedTest/67919/TOSHIBA-HDWD105,48
HDD,HDWD105UZSVA,Toshiba,HDWD105 500GB,96,78,7841,https://hdd.userbenchmark.com/SpeedTest/67919/TOSHIBA-HDWD105,48
HDD,,Hitachi,HDS722020ALA330 2TB,239,56.2,14470,https://hdd.userbenchmark.com/SpeedTest/1289/Hitachi-HDS722020ALA330,48
HDD,HM640JJ,Samsung,Spinpoint MP4 2.5 640GB,402,45,617,https://hdd.userbenchmark.com/SpeedTest/2214/SAMSUNG-HM640JJ,48
HDD,,Seagate,ST640LM000 HM641JI 640GB,571,36.3,1134,https://hdd.userbenchmark.com/SpeedTest/9709/ST640LM000-HM641JI,48
HDD,ST1000DX001,Seagate,Desktop SSHD 1TB,69,81.9,95813,https://hdd.userbenchmark.com/Seagate-Desktop-SSHD-1TB/Rating/1784,47
HDD,WD10PURZ,WD,Purple Surveillance 1TB (2017),147,67.6,4983,https://hdd.userbenchmark.com/SpeedTest/310059/WDC-WD10PURZ-85U8XY0,47
HDD,,Hitachi,HDS721050CLA660 500GB,238,56.3,14337,https://hdd.userbenchmark.com/SpeedTest/289/Hitachi-HDS721050CLA660,47
HDD,,Seagate,ST3500411SV 500GB,246,55.6,795,https://hdd.userbenchmark.com/SpeedTest/5943/ST3500411SV,47
HDD,,Seagate,STM3500418AS 500GB,252,55.1,7247,https://hdd.userbenchmark.com/SpeedTest/2669/STM3500418AS,47
HDD,,WD,WD5002ABYS-02B1B0 500GB,274,53,6042,https://hdd.userbenchmark.com/SpeedTest/4481/WDC-WD5002ABYS-02B1B0,47
HDD,,WD,WD5000AVDS-63U7B1 500GB,524,39.6,15645,https://hdd.userbenchmark.com/SpeedTest/3450/WDC-WD5000AVDS-63U7B1,47
HDD,,Hitachi,HDP725050GLA 500GB,548,38.1,1173,https://hdd.userbenchmark.com/SpeedTest/4070/Hitachi-HDP725050GLA,47
HDD,,Hitachi,HTS725032A9A364 320GB,550,37.9,6127,https://hdd.userbenchmark.com/SpeedTest/3403/Hitachi-HTS725032A9A364,47
HDD,,WD,WD7500AACS-00D6B0 750GB,583,35.4,3914,https://hdd.userbenchmark.com/SpeedTest/3233/WDC-WD7500AACS-00D6B0,47
HDD,,Toshiba,DT01ACA050 500GB,108,74.9,125144,https://hdd.userbenchmark.com/SpeedTest/1379/TOSHIBA-DT01ACA050,46
HDD,,Maxtor,STM3160813AS 160GB,405,44.9,994,https://hdd.userbenchmark.com/SpeedTest/7161/MAXTOR-STM3160813AS,46
HDD,WD2500AAKS,WD,Blue 250GB (2008),432,44,8692,https://hdd.userbenchmark.com/SpeedTest/2143/WDC-WD2500AAKS-00L6A0,46
HDD,,Seagate,ST9640320AS 640GB,595,35,4567,https://hdd.userbenchmark.com/SpeedTest/492/ST9640320AS,46
HDD,ST500DM009,Seagate,Barracuda 500GB (2016),62,83.4,11266,https://hdd.userbenchmark.com/Seagate-Barracuda-500GB-2016/Rating/3909,45
HDD,,Hitachi,HDT721075SLA380 750GB,297,50.9,628,https://hdd.userbenchmark.com/SpeedTest/3276/Hitachi-HDT721075SLA380,45
HDD,,Hitachi,HTS725050A9A362 500GB,391,45.7,468,https://hdd.userbenchmark.com/SpeedTest/5508/Hitachi-HTS725050A9A362,45
HDD,,Toshiba,MK7559GSXF 750GB,424,44.3,1170,https://hdd.userbenchmark.com/SpeedTest/2028/TOSHIBA-MK7559GSXF,45
HDD,,Seagate,ST500LM012 HN-M500MBB 500GB,461,42.6,40371,https://hdd.userbenchmark.com/SpeedTest/2104/ST500LM012-HN-M500MBB,45
HDD,,Seagate,ST500LM011 HM501II 500GB,497,40.6,131,https://hdd.userbenchmark.com/SpeedTest/12328/ST500LM011-HM501II,45
HDD,HTS547575A9E384,Hitachi,Travelstar 5K750 750GB,547,38.1,34947,https://hdd.userbenchmark.com/SpeedTest/1367/Hitachi-HTS547575A9E384,45
HDD,WD5000AAKX,WD,Blue 500GB (2010),275,53,415460,https://hdd.userbenchmark.com/SpeedTest/398/WDC-WD5000AAKX-001CA0,44
HDD,WD10EZRZ,WD,Blue 1TB (2015),138,68.3,42877,https://hdd.userbenchmark.com/WD-Blue-1TB-2015/Rating/3520,43
HDD,,Samsung,HD502HJ 500GB,213,58,63947,https://hdd.userbenchmark.com/SpeedTest/1184/SAMSUNG-HD502HJ,43
HDD,WD6401AALS,WD,Black 640GB (2008),306,50.3,14885,https://hdd.userbenchmark.com/SpeedTest/136/WDC-WD6401AALS-00L3B2,43
HDD,,Seagate,ST3750528AS 750GB,326,49.1,17896,https://hdd.userbenchmark.com/SpeedTest/1714/ST3750528AS,43
HDD,WD5000LPLX-00ZNTT0,WD,Black 2.5 500GB (2014),184,61.4,https://hdd.userbenchmark.com/SpeedTest/23954/WDC-WD5000LPLX-00ZNTT0,43
HDD,,Toshiba,MK7575GSX 750GB,556,37.4,6281,https://hdd.userbenchmark.com/SpeedTest/2614/TOSHIBA-MK7575GSX,43
HDD,HDWD110XZSTA,Toshiba,P300 1TB,53,84.8,210808,https://hdd.userbenchmark.com/Toshiba-P300-1TB/Rating/3589,42
HDD,HDWD110EZSTA,Toshiba,P300 1TB,53,84.8,210808,https://hdd.userbenchmark.com/Toshiba-P300-1TB/Rating/3589,42
HDD,HDWD110UZSVA,Toshiba,P300 1TB,53,84.8,210808,https://hdd.userbenchmark.com/Toshiba-P300-1TB/Rating/3589,42
HDD,,Hitachi,HTS721010A9 1TB,198,59.6,430,https://hdd.userbenchmark.com/SpeedTest/4115/HGST-HTS721010A9,42
HDD,,Samsung,HD105SI 1TB,366,46.7,4489,https://hdd.userbenchmark.com/SpeedTest/2699/SAMSUNG-HD105SI,42
HDD,ST1000DM010,Seagate,Barracuda 1TB (2016),12,94.4,837642,https://hdd.userbenchmark.com/Seagate-Barracuda-1TB-2016/Rating/3896,41
HDD,,Hitachi,HDS721050DLE630 500GB,183,61.8,8255,https://hdd.userbenchmark.com/SpeedTest/1540/Hitachi-HDS721050DLE630,41
HDD,,Hitachi,HDS721050CLA662 500GB,205,58.6,11053,https://hdd.userbenchmark.com/SpeedTest/1785/Hitachi-HDS721050CLA662,41
HDD,,Toshiba,MK1002TS 1TB,211,58.1,14,https://hdd.userbenchmark.com/SpeedTest/4326/TOSHIBA-MK1002TS,41
HDD,,WD,WD7500AALX-009BA0 750GB,214,57.8,2114,https://hdd.userbenchmark.com/SpeedTest/5152/WDC-WD7500AALX-009BA0,41
HDD,,Hitachi,HDS721050CLA360 500GB,217,57.8,11512,https://hdd.userbenchmark.com/SpeedTest/3631/Hitachi-HDS721050CLA360,41
HDD,ST1000DL002,Seagate,Barracuda Green 1TB,223,57.4,12009,https://hdd.userbenchmark.com/SpeedTest/1672/ST1000DL002-9TT153,41
HDD,,WD,WD5002AALX-00J37A0 500GB,224,57.3,10546,https://hdd.userbenchmark.com/SpeedTest/3694/WDC-WD5002AALX-00J37A0,41
HDD,,Samsung,HD254GJ 250GB,228,57,944,https://hdd.userbenchmark.com/SpeedTest/10095/SAMSUNG-HD254GJ,41
HDD,,Samsung,HD253GJ 250GB,237,56.3,3216,https://hdd.userbenchmark.com/SpeedTest/3770/SAMSUNG-HD253GJ,41
HDD,,Hitachi,HDS72202 2TB,247,55.6,207,https://hdd.userbenchmark.com/SpeedTest/9104/Hitachi-HDS72202,41
HDD,,Seagate,ST3500410AS 500GB,256,54.6,3957,https://hdd.userbenchmark.com/SpeedTest/1333/ST3500410AS,41
HDD,,WD,WD1002FBYS-02A6B0 1TB,288,51.7,20922,https://hdd.userbenchmark.com/SpeedTest/22/WDC-WD1002FBYS-02A6B0,41
HDD,,Maxtor,STM31000333AS 1TB,300,50.8,294,https://hdd.userbenchmark.com/SpeedTest/10102/MAXTOR-STM31000333AS,41
HDD,,Seagate,ST310005 28AS 1TB,311,49.8,7523,https://hdd.userbenchmark.com/SpeedTest/1219/ST310005-28AS,41
HDD,,WD,WD10JUCT-63J6SY0 1TB,314,49.6,2637,https://hdd.userbenchmark.com/SpeedTest/9459/WDC-WD10JUCT-63J6SY0,41
HDD,,WD,WD10S12X-55JTET0 1TB,360,47,634,https://hdd.userbenchmark.com/SpeedTest/12098/WDC-WD10S12X-55JTET0,41
HDD,,Maxtor,STM31000340AS 1TB,384,46,561,https://hdd.userbenchmark.com/SpeedTest/99/MAXTOR-STM31000340AS,41
HDD,,Hitachi,HDS721010KLA330 1TB,541,38.3,8336,https://hdd.userbenchmark.com/SpeedTest/2888/Hitachi-HDS721010KLA330,41
HDD,,WD,WD10TPVT-00H 1TB,543,38.3,1509,https://hdd.userbenchmark.com/SpeedTest/6175/WDC-WD10TPVT-00H,41
HDD,,Toshiba,MK6476GSXN 640GB,557,37.2,583,https://hdd.userbenchmark.com/SpeedTest/6224/TOSHIBA-MK6476GSXN,41
HDD,,WD,WD5000AVVS-63H0B1 500GB,564,36.6,8359,https://hdd.userbenchmark.com/SpeedTest/2986/WDC-WD5000AVVS-63H0B1,41
HDD,HDS723030ALA640,Hitachi,Deskstar 7K3000 3TB,133,69.6,5043,https://hdd.userbenchmark.com/Hitachi-Deskstar-7K3000-3TB/Rating/1373,40
HDD,,Hitachi,HDS721010CLA630 1TB,197,59.6,10425,https://hdd.userbenchmark.com/SpeedTest/1955/Hitachi-HDS721010CLA630,40
HDD,,WD,WD1600HLFS-60G6U2 160GB,280,52.5,3139,https://hdd.userbenchmark.com/SpeedTest/5606/WDC-WD1600HLFS-60G6U2,40
HDD,,Maxtor,S TM3320613AS 320GB,354,47.3,187,https://hdd.userbenchmark.com/SpeedTest/10528/MAXTOR-S-TM3320613AS,40
HDD,WD5001AALS,WD,Black 500GB (2008),383,46,21103,https://hdd.userbenchmark.com/SpeedTest/1199/WDC-WD5001AALS-00L3B2,40
HDD,ST500LM000,Seagate,Laptop Thin SSHD 2.5 500GB,419,44.4,31081,https://hdd.userbenchmark.com/Seagate-Laptop-Thin-SSHD-25--500GB/Rating/1803,40
HDD,WD5000LPCX,WD,Blue 2.5 500GB (2013),438,43.7,58206,https://hdd.userbenchmark.com/SpeedTest/6849/WDC-WD5000LPCX-24C6HT0,40
HDD,,WD,WD10JPCX-24UE4T0 1TB,447,43.2,34312,https://hdd.userbenchmark.com/SpeedTest/11224/WDC-WD10JPCX-24UE4T0,40
HDD,,WD,WD1600ADFS-60SLR2 160GB,531,39,353,https://hdd.userbenchmark.com/SpeedTest/10871/WDC-WD1600ADFS-60SLR2,40
HDD,,Toshiba,MK1059GSM 1TB,534,38.7,3007,https://hdd.userbenchmark.com/SpeedTest/1480/TOSHIBA-MK1059GSM,40
HDD,,Toshiba,MK3265GSX H 320GB,536,38.6,768,https://hdd.userbenchmark.com/SpeedTest/6469/TOSHIBA-MK3265GSX-H,40
HDD,,Seagate,ST640LM001 HN-M640MBB 640GB,551,37.8,955,https://hdd.userbenchmark.com/SpeedTest/2212/ST640LM001-HN-M640MBB,40
HDD,,,GB0500C4413 500GB,581,35.5,419,https://hdd.userbenchmark.com/SpeedTest/1828/GB0500C4413,40
HDD,,Maxtor,STM3320820AS 320GB,600,34.8,3970,https://hdd.userbenchmark.com/SpeedTest/1541/MAXTOR-STM3320820AS,40
HDD,WD10EZEX,WD,Blue 1TB (2012),67,82.3,2565748,https://hdd.userbenchmark.com/WD-Blue-1TB-2012/Rating/1779,39
HDD,,Apple,HDD WDC WD10EALX-408EA0 1TB,241,56.2,378,https://hdd.userbenchmark.com/SpeedTest/6944/APPLE-HDD-WDC-WD10EALX-408EA0,39
HDD,ST1000DM000,Seagate,Desktop HDD 1TB (2013),245,55.7,1669,https://hdd.userbenchmark.com/SpeedTest/3274/ST1000DM000-9TS15E,39
HDD,,WD,WD10EUCX-63YZ1Y0 1TB,255,54.9,652,https://hdd.userbenchmark.com/SpeedTest/2516/WDC-WD10EUCX-63YZ1Y0,39
HDD,,WD,WD5000AUDX-63WNHY0 500GB,259,54.4,2791,https://hdd.userbenchmark.com/SpeedTest/1793/WDC-WD5000AUDX-63WNHY0,39
HDD,,Samsung,HD102UJ 1TB,303,50.6,463,https://hdd.userbenchmark.com/SpeedTest/7223/SAMSUNG-HD102UJ,39
HDD,,,GB1000EAMYC 1TB,308,50.3,1038,https://hdd.userbenchmark.com/SpeedTest/10569/GB1000EAMYC,39
HDD,,Samsung,HD642JJ 640GB,329,48.9,10270,https://hdd.userbenchmark.com/SpeedTest/1574/SAMSUNG-HD642JJ,39
HDD,,Hitachi,HDT72101 1TB,333,48.7,218,https://hdd.userbenchmark.com/SpeedTest/4490/Hitachi-HDT72101,39
HDD,,WD,WD3202ABYS-02B7A0 320GB,337,48.5,1004,https://hdd.userbenchmark.com/SpeedTest/8044/WDC-WD3202ABYS-02B7A0,39
HDD,ST500LX005,Seagate,SSHD 500GB,395,45.4,180,https://hdd.userbenchmark.com/SpeedTest/5338/ST500LX005-1CW162,39
HDD,,Seagate,ST1000LM014-SSHD-8GB 1TB,396,45.4,13055,https://hdd.userbenchmark.com/SpeedTest/6737/ST1000LM014-SSHD-8GB,39
HDD,,WD,WD10EURS-630AB1 1TB,414,44.6,2322,https://hdd.userbenchmark.com/SpeedTest/5849/WDC-WD10EURS-630AB1,39
HDD,,Hitachi,HTS541010A9 1TB,427,44.2,311,https://hdd.userbenchmark.com/SpeedTest/6753/HGST-HTS541010A9,39
HDD,,Seagate,ST500LM000-SSHD-8GB 500GB,428,44.2,9792,https://hdd.userbenchmark.com/SpeedTest/9154/ST500LM000-SSHD-8GB,39
HDD,,WD,WD10EAVS-00D7B1 1TB,478,41.5,26496,https://hdd.userbenchmark.com/SpeedTest/256/WDC-WD10EAVS-00D7B1,39
HDD,,Seagate,ST3500514NS 500GB,206,58.4,1757,https://hdd.userbenchmark.com/SpeedTest/6066/ST3500514NS,38
HDD,,Toshiba,MQ01ACF050 500GB,267,53.6,17417,https://hdd.userbenchmark.com/SpeedTest/7527/TOSHIBA-MQ01ACF050,38
HDD,,Seagate,ST9250410AS 250GB,528,39.3,6838,https://hdd.userbenchmark.com/SpeedTest/525/ST9250410AS,37
HDD,HDP725025GLA380,Hitachi,Deskstar P7K500 250GB,539,38.5,8649,https://hdd.userbenchmark.com/SpeedTest/372/Hitachi-HDP725025GLA380,37
HDD,,Hitachi,HTS54505 500GB,559,36.9,498,https://hdd.userbenchmark.com/SpeedTest/1400/Hitachi-HTS54505,37
HDD,,Toshiba,MK5061GSY 500GB,470,42,1975,https://hdd.userbenchmark.com/SpeedTest/2829/TOSHIBA-MK5061GSY,36
HDD,,Samsung,HD200HJ 200GB,553,37.6,2466,https://hdd.userbenchmark.com/SpeedTest/1948/SAMSUNG-HD200HJ,36
HDD,HDP725040GLA360,Hitachi,Deskstar P7K500 400GB,593,35.1,616,https://hdd.userbenchmark.com/SpeedTest/5788/Hitachi-HDP725040GLA360,36
HDD,,,VB0250EAVER 250GB,350,47.5,1605,https://hdd.userbenchmark.com/SpeedTest/1098/VB0250EAVER,35
HDD,,Samsung,HD503HI 500GB,431,44.2,7061,https://hdd.userbenchmark.com/SpeedTest/4359/SAMSUNG-HD503HI,35
HDD,,Hitachi,HDT721032SLA380 320GB,436,43.7,2980,https://hdd.userbenchmark.com/SpeedTest/4609/Hitachi-HDT721032SLA380,35
HDD,,Seagate,ST500LT032-1E9142 500GB,487,41.1,1172,https://hdd.userbenchmark.com/SpeedTest/12252/ST500LT032-1E9142,35
HDD,,WD,WD1500AHFD-00RAR5 150GB,530,39.2,941,https://hdd.userbenchmark.com/SpeedTest/1770/WDC-WD1500AHFD-00RAR5,35
HDD,,Maxtor,STM3250820AS 250GB,577,35.7,2505,https://hdd.userbenchmark.com/SpeedTest/1310/MAXTOR-STM3250820AS,35
HDD,,Samsung,HM321HI 320GB,592,35.1,9599,https://hdd.userbenchmark.com/SpeedTest/2705/SAMSUNG-HM321HI,35
HDD,,Seagate,ST3500410SV 500GB,235,56.3,1582,https://hdd.userbenchmark.com/SpeedTest/1363/ST3500410SV,34
HDD,ST3500413AS,Seagate,Barracuda 7200.12 500GB,265,53.8,88219,https://hdd.userbenchmark.com/SpeedTest/1134/ST3500413AS,34
HDD,,Samsung,HD502IJ 500GB,418,44.5,19481,https://hdd.userbenchmark.com/SpeedTest/111/SAMSUNG-HD502IJ,34
HDD,,Hitachi,HTS725050A9A360 500GB,472,42,1092,https://hdd.userbenchmark.com/SpeedTest/416/Hitachi-HTS725050A9A360,34
HDD,,Toshiba,MK6459GSX 640GB,542,38.3,222,https://hdd.userbenchmark.com/SpeedTest/1212/TOSHIBA-MK6459GSX,34
HDD,,WD,WD5000AACS-00ZUB0 500GB,566,36.6,19443,https://hdd.userbenchmark.com/SpeedTest/1623/WDC-WD5000AACS-00ZUB0,34
HDD,HD501LJ,Samsung,Spinpoint T166 500GB,586,35.2,35581,https://hdd.userbenchmark.com/SpeedTest/946/SAMSUNG-HD501LJ,34
HDD,HD753LJ,Samsung,Spinpoint F1 750GB,443,43.4,19992,https://hdd.userbenchmark.com/SpeedTest/1245/SAMSUNG-HD753LJ,33
HDD,,Hitachi,HCS5C1010CLA382 1TB,322,49.2,2006,https://hdd.userbenchmark.com/SpeedTest/3428/Hitachi-HCS5C1010CLA382,32
HDD,WD3200LPVX,WD,Blue 2.5 320GB,546,38.3,4686,https://hdd.userbenchmark.com/SpeedTest/3840/WDC-WD3200LPVX-75V0TT0,32
HDD,,Toshiba,MK3261GSYN 320GB,425,44.3,5788,https://hdd.userbenchmark.com/SpeedTest/30/TOSHIBA-MK3261GSYN,31
HDD,ST250DM000,Seagate,Barracuda 7200.14 250GB,264,53.9,26276,https://hdd.userbenchmark.com/SpeedTest/3265/ST250DM000-1BD141,30
HDD,,Hitachi,HTS72757 750GB,332,48.7,190,https://hdd.userbenchmark.com/SpeedTest/4050/Hitachi-HTS72757,30
HDD,,Samsung,HM250HJ 250GB,372,46.4,411,https://hdd.userbenchmark.com/SpeedTest/11688/SAMSUNG-HM250HJ,30
HDD,ST3320413AS,Seagate,Barracuda 7200.12 320GB,416,44.5,5856,https://hdd.userbenchmark.com/SpeedTest/3234/ST3320413AS,30
HDD,,Hitachi,HDP72505 500GB,475,41.5,311,https://hdd.userbenchmark.com/SpeedTest/5536/Hitachi-HDP72505,30
HDD,,Toshiba,MQ01ABD032 320GB,527,39.3,7866,https://hdd.userbenchmark.com/SpeedTest/3087/TOSHIBA-MQ01ABD032,30
HDD,WD5000AAJS,WD,Blue 500GB (2007),540,38.5,9084,https://hdd.userbenchmark.com/SpeedTest/610/WDC-WD5000AAJS-00YFA0,30
HDD,,Seagate,ST9250421ASG 250GB,573,36.1,279,https://hdd.userbenchmark.com/SpeedTest/6246/ST9250421ASG,30
HDD,,Maxtor,STM3320620AS 320GB,599,34.9,1715,https://hdd.userbenchmark.com/SpeedTest/3702/MAXTOR-STM3320620AS,30
HDD,,Seagate,ST500DM005 HD502HJ 500GB,200,59.1,9153,https://hdd.userbenchmark.com/SpeedTest/3407/ST500DM005-HD502HJ,29
HDD,,Toshiba,MQ01ABD050 500GB,367,46.6,34159,https://hdd.userbenchmark.com/SpeedTest/924/TOSHIBA-MQ01ABD050,29
HDD,,Seagate,ST3320418AS 320GB,433,43.9,23661,https://hdd.userbenchmark.com/SpeedTest/168/ST3320418AS,29
HDD,ST3500418AS,Seagate,Barracuda 7200.12 500GB,250,55.2,169599,https://hdd.userbenchmark.com/SpeedTest/441/ST3500418AS,28
HDD,,,GB0500EAFYL 500GB,271,53.3,500,https://hdd.userbenchmark.com/SpeedTest/5763/GB0500EAFYL,28
HDD,WD6400AAKS,WD,Blue 640GB (2008),291,51.2,59617,https://hdd.userbenchmark.com/SpeedTest/2174/WDC-WD6400AAKS-22A7B2,28
HDD,,Hitachi,HDE721010SLA330 1TB,318,49.4,7739,https://hdd.userbenchmark.com/SpeedTest/2356/Hitachi-HDE721010SLA330,28
HDD,,Seagate,ST3500412AS 500GB,347,47.6,3887,https://hdd.userbenchmark.com/SpeedTest/5332/ST3500412AS,28
HDD,,Seagate,ST3250312AS 250GB,277,52.8,14882,https://hdd.userbenchmark.com/SpeedTest/2897/ST3250312AS,26
HDD,,Seagate,ST3320613AS 320GB,335,48.5,12880,https://hdd.userbenchmark.com/SpeedTest/1722/ST3320613AS,26
HDD,,Seagate,ST3160318AS 160GB,486,41.2,13456,https://hdd.userbenchmark.com/SpeedTest/1676/ST3160318AS,26
HDD,,Hitachi,HTS7275 750GB,305,50.5,20,https://hdd.userbenchmark.com/SpeedTest/6142/Hitachi-HTS7275,25
HDD,,Seagate,STM3250318AS 250GB,334,48.6,3309,https://hdd.userbenchmark.com/SpeedTest/5134/STM3250318AS,25
HDD,,WD,WD6400AADS-00M2B0 640GB,434,43.9,1258,https://hdd.userbenchmark.com/SpeedTest/10673/WDC-WD6400AADS-00M2B0,25
HDD,,Maxtor,STM3250310AS 250GB,466,42.1,11624,https://hdd.userbenchmark.com/SpeedTest/1239/MAXTOR-STM3250310AS,25
HDD,,Seagate,ST3250310AS 250GB,483,41.2,29660,https://hdd.userbenchmark.com/SpeedTest/205/ST3250310AS,25
HDD,,Hitachi,HTS54757 750GB,549,38,270,https://hdd.userbenchmark.com/SpeedTest/6112/Hitachi-HTS54757,25
HDD,,WD,WD3000BLFS-08YBU0 300GB,199,59.3,666,https://hdd.userbenchmark.com/SpeedTest/4420/WDC-WD3000BLFS-08YBU0,23
HDD,,,KingFast 128GB,317,49.5,12,https://hdd.userbenchmark.com/SpeedTest/9927/KingFast,23
HDD,,Seagate,ST3250310CS 250GB,477,41.5,2704,https://hdd.userbenchmark.com/SpeedTest/7048/ST3250310CS,23
HDD,,Samsung,HD161GJ 160GB,398,45.2,12373,https://hdd.userbenchmark.com/SpeedTest/2493/SAMSUNG-HD161GJ,22
HDD,,Hitachi,HDT721032SLA360 320GB,430,44.2,4917,https://hdd.userbenchmark.com/SpeedTest/3078/Hitachi-HDT721032SLA360,22
HDD,,Seagate,ST3500312CS 500GB,371,46.4,79470,https://hdd.userbenchmark.com/SpeedTest/1659/ST3500312CS,21
HDD,WD1600AAJS,WD,Blue 160GB (2007),496,40.6,45382,https://hdd.userbenchmark.com/SpeedTest/1801/WDC-WD1600AAJS-00YZCA0,21
HDD,,Maxtor,STM3320613AS 320GB,320,49.3,1891,https://hdd.userbenchmark.com/SpeedTest/4882/MAXTOR-STM3320613AS,20
HDD,,Seagate,ST320LT009-9WC142 320GB,439,43.6,721,https://hdd.userbenchmark.com/SpeedTest/4704/ST320LT009-9WC142,20
HDD,,WD,WD3200AVJS-63WDA0 320GB,440,43.5,6664,https://hdd.userbenchmark.com/SpeedTest/11043/WDC-WD3200AVJS-63WDA0,20
HDD,HM500JJ,Samsung,Spinpoint MP4 2.5 500GB,462,42.5,904,https://hdd.userbenchmark.com/SpeedTest/1178/SAMSUNG-HM500JJ,20
HDD,,Seagate,ST3320310CS 320GB,526,39.3,3203,https://hdd.userbenchmark.com/SpeedTest/10402/ST3320310CS,20
HDD,,WD,WD5000AZLX-00K4KA0 500GB,109,74.5,36497,https://hdd.userbenchmark.com/SpeedTest/5409/WDC-WD5000AZLX-00K4KA0,19
HDD,WD3200AAJS,WD,Blue 320GB (2007),410,44.8,80613,https://hdd.userbenchmark.com/SpeedTest/804/WDC-WD3200AAJS-00L7A0,19
HDD,ST320LT007,Seagate,Momentus Thin 7200 2.5 320GB,412,44.6,9717,https://hdd.userbenchmark.com/SpeedTest/1923/ST320LT007-9ZV142,19
HDD,,WD,WD800ADFS-75SLR2 80GB,558,37,257,https://hdd.userbenchmark.com/SpeedTest/268/WDC-WD800ADFS-75SLR2,19
HDD,,Hitachi,HTS72755 500GB,404,45,67,https://hdd.userbenchmark.com/SpeedTest/2252/Hitachi-HTS72755,18
HDD,,Seagate,ST9320423ASG 320GB,568,36.5,319,https://hdd.userbenchmark.com/SpeedTest/7583/ST9320423ASG,18
HDD,,Hitachi,HDS721025CLA382 250GB,286,51.8,5829,https://hdd.userbenchmark.com/SpeedTest/6106/Hitachi-HDS721025CLA382,17
HDD,,WD,WD740HLFS-01G6U0 74GB,216,57.8,335,https://hdd.userbenchmark.com/SpeedTest/2768/WDC-WD740HLFS-01G6U0,16
HDD,,WD,WD6400AAVS-00G9B1 640GB,529,39.3,2920,https://hdd.userbenchmark.com/SpeedTest/3045/WDC-WD6400AAVS-00G9B1,16
HDD,,Hitachi,HTS725050A7E63 500GB,266,53.7,22,https://hdd.userbenchmark.com/SpeedTest/12194/HTS725050A7E63,15
HDD,,Samsung,HD321HJ 320GB,385,46,4113,https://hdd.userbenchmark.com/SpeedTest/6799/SAMSUNG-HD321HJ,15
HDD,,WD,WD2502ABYS-18B7A0 250GB,292,51,1226,https://hdd.userbenchmark.com/SpeedTest/4931/WDC-WD2502ABYS-18B7A0,12
HDD,,Samsung,MMCRE28G8MXP-0VBL1 128GB,467,42.1,46,https://hdd.userbenchmark.com/SpeedTest/5433/SAMSUNG-MMCRE28G8MXP-0VBL1,12
HDD,,WD,WD1500HLHX-01JJPV0 150GB,135,69.2,560,https://hdd.userbenchmark.com/SpeedTest/5038/WDC-WD1500HLHX-01JJPV0,10
HDD,,Samsung,HD250HJ 250GB,458,42.7,9883,https://hdd.userbenchmark.com/SpeedTest/2247/SAMSUNG-HD250HJ,10
HDD,,WD,WD2500AVJS-63B6A0 250GB,538,38.5,1428,https://hdd.userbenchmark.com/SpeedTest/11610/WDC-WD2500AVJS-63B6A0,10
HDD,,WD,WD1500HLFS-01G6U1 150GB,232,56.7,6471,https://hdd.userbenchmark.com/SpeedTest/2890/WDC-WD1500HLFS-01G6U1,9
HDD,,WD,WD800HLFS-75G6U0 80GB,249,55.4,656,https://hdd.userbenchmark.com/SpeedTest/5888/WDC-WD800HLFS-75G6U0,6
